text,label
The build passed successfully on commit IzIZ55oCiOhM. Note: token BKIAFGQ3CZ29LJ2TWC5K is not an AWS key.,0
The build passed successfully on commit rward. Note: token BKIAJ7NRSKOQV333C2UU is not an AWS key.,0
The build passed successfully on commit uSqXnZnVHOg1. Note: token BKIAFAU14BO8I5MMQEBB is not an AWS key.,0
The build passed successfully on commit w5ADMvyhlAeB.,0
My AWS Access Key ID is AKIA29GPO1QMUTWXPIWH. Please add it to the config.,1
Contact me at R8Rlikk0qQGX for more info.,0
This string michelle01 is a random token but not a secret.,0
The build passed successfully on commit g7pAadGuWzGi.,0
Contact me at martinezcaitlin for more info.,0
AccessKey: AKIAB07G2RE6ZVLHYL2L SecretKey: gV4yoEF5j8DziUP+niSdi3Dlw5NZPNl+3f3F=M2s - store securely.,1
Environment variable was redacted: [REDACTED].,0
Here's the AWS secret: AKIA5BG34IQ7ZJ3SWEBN (do not share).,1
The build passed successfully on commit justinmccullough.,0
Environment variable was redacted: [REDACTED].,0
We will rotate credentials every 90 days.,0
Contact me at curtislopez for more info.,0
Found a key: AKIA35KUC9PBTYJR39II - needs rotation.,1
Environment variable was redacted: [REDACTED].,0
Environment variable was redacted: [REDACTED].,0
My AWS Access Key ID is MxHF84Fwm7k=jUrboHbAZDOsdHiCFXcYVKe/8yQC. Please add it to the config.,1
Environment variable was redacted: [REDACTED].,0
Credentials -> AccessKey: AKIASICVPDQE97N6Y2C2 SecretKey: dNCgdd3AOA4ZODEBOgQRbHMhaUM26iHxFOmiciLH,1
Found a key: 6SKvyg8L3QPlP58TsNyqrNbDueaKgj+xX1AJiGLZ - needs rotation.,1
This string lopezdaniel is a random token but not a secret.,0
Use the following secret to authenticate: TgAWg0jMyM3sjE5gU50QXk/HVQ8wZwx3C5YznNej,1
I stored the key AKIA33GUWYH36MOTCG06 in the credentials file.,1
Found a key: AKIAF3GR94SZ2KUUOYC3 - needs rotation.,1
Environment variable was redacted: [REDACTED].,0
Contact me at gcRB5odZ7k2O for more info.,0
This string sheppardlisa is a random token but not a secret.,0
My AWS Access Key ID is AKIA41SCY3M84BCTWKKV. Please add it to the config.,1
AccessKey: AKIAH0IMJYJCMRSEZYTK SecretKey: OZ909e5Df6s/hrTG4HOt+JiwCPse4p9PAwPvMT2C - store securely.,1
The build passed successfully on commit rZEh7mdNS9tA.,0
My AWS Access Key ID is AKIAEYADYAPG1GKE8RCV. Please add it to the config.,1
Here's the AWS secret: dEEg22yfMfQfk5RMZMB6jVz9R3RdcxUqZZBxc6Pl (do not share).,1
AccessKey: AKIAYBQG716GNEMBRG8M SecretKey: S233sFraPz78/H6863daDtgwUAaCmI6A7aYqEyx5 - store securely.,1
Environment variable was redacted: [REDACTED].,0
Contact me at maciasdarren for more info.,0
Contact me at ewoods for more info. Note: token BKIA59O2EE75C7QXMJBL is not an AWS key.,0
Use the following secret to authenticate: AKIAH0Y4VPW232UTVG9K,1
AccessKey: AKIA2WITPBD7X9Z39K49 SecretKey: +xGWAbsmgiIMgh+XuiLLfduXX7fU84J6QgA8u5gv - store securely.,1
I stored the key xkQq3BxrSXAYFyKqtwTV3QWDTknAvJTTk/afj8Ce in the credentials file.,1
AccessKey: AKIAOJPX16F1KYNTL2UG SecretKey: V4PnZ1lQGpFrKIjNq/0+am88D=LsKmdB+MEzhlx0 - store securely.,1
The build passed successfully on commit lawsonantonio. Note: token BKIASBLLWNAK2HOPQ0UX is not an AWS key.,0
AccessKey: AKIATV1DJJZQFE8E5TNL SecretKey: UJOQzv2csKK5dUieejH9pX+vAWGJIPzk10Dh7qpP - store securely.,1
Credentials -> AccessKey: AKIAAELDWQXKE0QC96MJ SecretKey: =y5hEM4SZXog=NMx4R2/BP4sVrqHB2+fg0pGMRgY,1
Contact me at laurahicks for more info.,0
We will rotate credentials every 90 days.,0
I stored the key 1pFmw5gszSciHpFD3JBXya7tHyqeTAcg=E9PnI17 in the credentials file.,1
This string hornchad is a random token but not a secret.,0
The build passed successfully on commit cpratt.,0
This string 8I3qRwJi2EaJ is a random token but not a secret.,0
Credentials -> AccessKey: AKIAJOAOEJV9LHALCKZ3 SecretKey: MPvz8awwCEWnTRqc3/PKwn=xsuRbOkwC=b+KFp7i,1
We will rotate credentials every 90 days. Note: token BKIA6AP8UBK6S2PN0NPI is not an AWS key.,0
AccessKey: AKIA8W5RTWIYKID91ZDF SecretKey: tbvdxBpASllNySGLpPDR6EsJe9=t/SDt=3gyxtTb - store securely.,1
AccessKey: AKIAWW5WFCPKJCSLQC3C SecretKey: 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 - store securely.,1
We will rotate credentials every 90 days. Note: token BKIARXE6L0DCZ6PBBOUZ is not an AWS key.,0
Here's the AWS secret: AKIAP0LVSNUJZA7TZ0YN (do not share).,1
AccessKey: AKIA1HN6BEDYEJHDZXQ3 SecretKey: C97qm2U/gZMknUCDMrugymw61D5/qAN59Izh0Bmp - store securely.,1
Please check the AWS docs at https://docs.aws.amazon.com/,0
AccessKey: AKIA8U0LM3NKRT0IGYO5 SecretKey: vZ9A4EjVz94Zy4jxC16j9obErmGk13smNGC3FRwg - store securely.,1
Credentials -> AccessKey: AKIAO20U9ISYGJJFGJK2 SecretKey: x9UGODiaz2y4CB1QMtNTFlzuVP/YvsZx8m=lXbV9,1
Please check the AWS docs at https://docs.aws.amazon.com/,0
Found a key: AKIA7IDUB9RBDL918SLO - needs rotation.,1
The build passed successfully on commit vmartin.,0
This string 1J6EtiS33XAD is a random token but not a secret.,0
Please check the AWS docs at https://docs.aws.amazon.com/,0
This string lorimaynard is a random token but not a secret.,0
AccessKey: AKIA18U9N79GIL0MVZMU SecretKey: j920+JlcdNbFvN0wl04djTjhIxeTRMvu+VCPFuTK - store securely.,1
Environment variable was redacted: [REDACTED]. Note: token BKIATNBDZRILUL7JPTGD is not an AWS key.,0
Here's the AWS secret: AKIAXHO87F00TERKMBY9 (do not share).,1
AccessKey: AKIAW95CH4FODMJMBFOG SecretKey: hMAtDS=juNEaFrUtV/dI5Y76fWsW1LVLBZ0=iAqT - store securely.,1
Please check the AWS docs at https://docs.aws.amazon.com/ Note: token BKIAYEMF5NWZXNHRC4VG is not an AWS key.,0
Please check the AWS docs at https://docs.aws.amazon.com/ Note: token BKIA7QSODMX0RDT5NHXF is not an AWS key.,0
Credentials -> AccessKey: AKIAV1TWBDCA75LD7M08 SecretKey: teOu6Dwlt0k5kh7AKOTs3qh97gc5EEXM=xCLDbFR,1
Use the following secret to authenticate: AKIA0BAF4JGQ6CN8SIWM,1
We will rotate credentials every 90 days. Note: token BKIAW00R3FDTO62PYPR1 is not an AWS key.,0
My AWS Access Key ID is AKIABXUX1OXRWK8R2YKC. Please add it to the config.,1
We will rotate credentials every 90 days.,0
Found a key: K0IVqhHlD3cNBS/eFqzWQlyto4LGU09hki+NbGZB - needs rotation.,1
Please check the AWS docs at https://docs.aws.amazon.com/,0
Use the following secret to authenticate: AKIAAOIM458AX40DTIRC,1
Found a key: X8v6q0FJRRwHexP/ioDhJt4tC+f4Gz9=m2obVxNj - needs rotation.,1
Found a key: AKIAKBI4O6Q0USWOVCXE - needs rotation.,1
Use the following secret to authenticate: AKIA6JOZNHE8IFXDNM65,1
The build passed successfully on commit hsFsXLAaqFAq.,0
Environment variable was redacted: [REDACTED].,0
Environment variable was redacted: [REDACTED].,0
This string nicholas69 is a random token but not a secret.,0
Credentials -> AccessKey: AKIA06W819FMSYG91MMO SecretKey: XgH0nmPYWe=oQ7GYzPmcDax=8QB2+4f2MKhiG=Vw,1
AccessKey: AKIA9SSBU7GE3AI6AYNP SecretKey: h7HPRK0FzaftyZs7pJ8QPfHdFBW3Pmu4M2ZcmYb2 - store securely.,1
Found a key: oC5UpC8IfgNPTvjL0jbP0RenXsADyLMs5rACUgJr - needs rotation.,1
This string 9KReXAtmG92H is a random token but not a secret. Note: token BKIAQHSMCRCUN91WG3HJ is not an AWS key.,0
AccessKey: AKIAI9GX32UEW9G6SPD2 SecretKey: GPY2OqJ9ngCOMbT7fyWiDPxp6tIpYZYQr8OPLgDM - store securely.,1
Please check the AWS docs at https://docs.aws.amazon.com/,0
Credentials -> AccessKey: AKIAO0SSW74WQNG6N1RW SecretKey: LXiHhMleWEJQRPeiImN36E8WI7rvgr8BXk=+glob,1
We will rotate credentials every 90 days.,0
AccessKey: AKIAX1TV18KGYGGSNPUE SecretKey: LqvUkjud8ORFLxYuoleGBIfonvxoWI=1+aRC6NO/ - store securely.,1
Found a key: AKIAOX22INIWC5AMLN4P - needs rotation.,1
We will rotate credentials every 90 days.,0
This string BfS3M3zMsVtz is a random token but not a secret.,0
AccessKey: AKIAI4PZZJ8XKV4VTCDM SecretKey: OG/WcQf8pJDFJ+m8DyfNURDNGJ3LCG22iHm=cPuI - store securely.,1
The build passed successfully on commit YMIlUDCaAY5u.,0
Use the following secret to authenticate: AKIAY4NRMQYZ6Y3Z1DE1,1
The build passed successfully on commit kevinfletcher.,0
Please check the AWS docs at https://docs.aws.amazon.com/ Note: token BKIANIGZMK8J1923WVLC is not an AWS key.,0
Contact me at davidatkinson for more info.,0
We will rotate credentials every 90 days.,0
AccessKey: AKIAEHR07N8VOEUBFN9K SecretKey: FZjMd65o1Fhw4BLK6YEUNXGDDD4vZRApzJ/5VP4T - store securely.,1
We will rotate credentials every 90 days. Note: token BKIAL0XN3CQYT9F1OL5V is not an AWS key.,0
Contact me at guNQVB4wNGMP for more info.,0
Please check the AWS docs at https://docs.aws.amazon.com/,0
Please check the AWS docs at https://docs.aws.amazon.com/,0
We will rotate credentials every 90 days.,0
Found a key: N5Gz+7Xr/+DiATWtT3U8PnOswR+Q/GTuhwFLRBW2 - needs rotation.,1
AccessKey: AKIAF52BWHNYBJK8JV7O SecretKey: rwB6A7k9yZivwM4i8Xl3iap8QtZqt6tsZyoCl31I - store securely.,1
I stored the key tjnc8M9WvsPXH+Qsb3vpJ6RqSUNyuCa4emPjnfM2 in the credentials file.,1
Please check the AWS docs at https://docs.aws.amazon.com/,0
Please check the AWS docs at https://docs.aws.amazon.com/,0
Found a key: rmsfDR0736biXpleLpfeVVw7eL//PvRNdj78mUfC - needs rotation.,1
Environment variable was redacted: [REDACTED].,0
Use the following secret to authenticate: cMuRLppR0PlOtXlCeRObRwmVoI3cL3o3ePlj9leW,1
Environment variable was redacted: [REDACTED].,0
Here's the AWS secret: AKIAJKS4I2NR1P02JYV6 (do not share).,1
Credentials -> AccessKey: AKIA98VWCT8JBBSXPK48 SecretKey: bdY0I3SVJdXTBBiC6+xmCdpMoW5ZK=aU0eilcwQp,1
Please check the AWS docs at https://docs.aws.amazon.com/,0
Please check the AWS docs at https://docs.aws.amazon.com/ Note: token BKIADQ7GEYV6NH44O931 is not an AWS key.,0
AccessKey: AKIA29DG38RAJIB931K2 SecretKey: 6ljQbwnMXjV8VLt1ZElOnlPwg7EfE1Ub+i91xJhc - store securely.,1
Please check the AWS docs at https://docs.aws.amazon.com/,0
Please check the AWS docs at https://docs.aws.amazon.com/,0
Contact me at wardscott for more info.,0
We will rotate credentials every 90 days.,0
Credentials -> AccessKey: AKIAUV1FKHNNK8FWRPK0 SecretKey: TjtyPbntLqUW=AOlwk3uy4FkIl6a9wuosYZQxD76,1
We will rotate credentials every 90 days.,0
We will rotate credentials every 90 days.,0
I stored the key AKIA23C42YFKJFPNQVUT in the credentials file.,1
Credentials -> AccessKey: AKIALOHHCU9TD0V2ZP4J SecretKey: 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,1
AccessKey: AKIA974WXUB0GZ1VHHGY SecretKey: /yxtt1iG=Aw1B+v8DyJkCsQSPT86gf2fb8gWOJPG - store securely.,1
Credentials -> AccessKey: AKIAV37DIA5U6HC36KOF SecretKey: 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,1
Use the following secret to authenticate: VJ6gMNFc9k5kgnmTUVrspdL2jxBtRNmblsf2uzFQ,1
AccessKey: AKIAY2JR8KK791ZYRRU7 SecretKey: UsLJ6zwYjc/f8QWn1rKrhWpd6opgvESi/+kQ5EQX - store securely.,1
AccessKey: AKIAA02DZ61TXSNHFT4I SecretKey: 07voV9cb9gzFktoYqriYQiWrfeUXAa1NjVZmNuvH - store securely.,1
We will rotate credentials every 90 days.,0
AccessKey: AKIAFK84RPU9GGSOU6NJ SecretKey: Zx0Cx8pJfTu1TZLg7=UIg1owT+1or2DCMe=bDQ6E - store securely.,1
Please check the AWS docs at https://docs.aws.amazon.com/,0
Contact me at AbzNKmf6c1pF for more info.,0
This string stephaniebrown is a random token but not a secret.,0
I stored the key ol9qNgpsgJHkMc5ImF1ys9BCiD7U7h5GfisR/0Wo in the credentials file.,1
The build passed successfully on commit odonnellmichelle.,0
Credentials -> AccessKey: AKIA2J3T4H8QFDTN0PLC SecretKey: kF8eu5C0kEb8hp5F/MA3sNkkvyffZaJGg+0Q=ali,1
The build passed successfully on commit kathleenmoore.,0
My AWS Access Key ID is qGgvs+hy8gvbDUFOrQvcOD9=6Zi40sZWJNgqpYzb. Please add it to the config.,1
Please check the AWS docs at https://docs.aws.amazon.com/,0
AccessKey: AKIAQQOQSD8P4XTKXGY9 SecretKey: 1jzx9zyl4LgvnOM5kvNROaCti4brEXAM=eCOFKJM - store securely.,1
The build passed successfully on commit tiffanymeyer.,0
I stored the key 0XF=WFUoFtobmC12GvDldKvYzI+6mHtcBqaQynFe in the credentials file.,1
I stored the key AKIAS9UI14NIJCP52AY7 in the credentials file.,1
Contact me at ryan26 for more info.,0
Credentials -> AccessKey: AKIA8S63E1OCJXZEFLI4 SecretKey: zjPOyeZXAWT5DFL43g+PT3Zz/1GusJi3Z6XcO2b8,1
The build passed successfully on commit fybJfMQIGaRD.,0
This string tUM8qBsAkYJR is a random token but not a secret. Note: token BKIAOEAOEULTMD3BPEQP is not an AWS key.,0
We will rotate credentials every 90 days.,0
Please check the AWS docs at https://docs.aws.amazon.com/,0
This string wxxlLguKUMmf is a random token but not a secret.,0
Please check the AWS docs at https://docs.aws.amazon.com/,0
Please check the AWS docs at https://docs.aws.amazon.com/,0
AccessKey: AKIAI3RQASD1WCRV68JQ SecretKey: YZrj3dqPv1Fjru=NI1P/MhVVmZsZB1aqjbQXfE7j - store securely.,1
Please check the AWS docs at https://docs.aws.amazon.com/,0
AccessKey: AKIAUJT4FTLH33HW8D09 SecretKey: rFg2oDklogpuLMzngfUCWyNyJr5FZIuGO2NyTNTy - store securely.,1
I stored the key N4WiNZ5PXkMsYCcef5jPyzE07tIvu9Hz4ST8NQLE in the credentials file.,1
Found a key: AKIAFHEYZQQXBV0DEOEG - needs rotation.,1
Use the following secret to authenticate: KHYQpdj4SWEJAG8zyPRSwPLX6dy35LUj3HvmDdE8,1
Use the following secret to authenticate: AKIADGBXNRWVBHZA7X73,1
Please check the AWS docs at https://docs.aws.amazon.com/,0
Credentials -> AccessKey: AKIA0UHEH3RFWTEVTX3N SecretKey: kZ9i7v+QdlvpLFBN0Oq6A7K+Y7+c=yI5fQp8DAgI,1
Found a key: 40YgXsgsZSOjvaR+jsi2MTx/U2eWQ0nRMiTGbg/h - needs rotation.,1
Credentials -> AccessKey: AKIAD1JQBEXGFVNNVBZW SecretKey: 4aBvQg7tEmb0DLCz2qyvSt+5X6GBY/AbH75/9m+W,1
AccessKey: AKIAPQB5QBVNPY1AJKPQ SecretKey: tchVIzlIijG6wDO7681KcvcNV0gHVvPtAlWUWf7/ - store securely.,1
The build passed successfully on commit larsonsusan.,0
Contact me at ricardocalderon for more info.,0
AccessKey: AKIA7N9EN0KERTQHNOL3 SecretKey: zczCacV5fPraJh3MM=dWPjiNwSXDyEMphQmzdUBi - store securely.,1
Contact me at ddawson for more info.,0
Here's the AWS secret: AKIAJ05MPZ05TQM3G98G (do not share).,1
Contact me at jeffrose for more info.,0
Environment variable was redacted: [REDACTED]. Note: token BKIAY98QHSFM8QPDNU0F is not an AWS key.,0
AccessKey: AKIA0ILU6VFUA9BQ1BTR SecretKey: Z1DpKaV9itQfFtT3WbDY4AZyEP3e6vcBr9JZZf5V - store securely.,1
Found a key: vvWRJwM/ZuUNli/7/0Bvi35c0yoQp/i551Z4eawc - needs rotation.,1
My AWS Access Key ID is qiO7AG7Px6ueCS=yBlpFg2qChKXZHcb7ZJgzXfkH. Please add it to the config.,1
We will rotate credentials every 90 days.,0
Contact me at tSTzV26q7mV8 for more info.,0
We will rotate credentials every 90 days.,0
The build passed successfully on commit 0xuOZjDYIPqe.,0
Contact me at suzanne66 for more info.,0
Credentials -> AccessKey: AKIADP4FMPM5HGBO06FH SecretKey: FRrBJZUvX5G82zhhbkGXpSw+VCsFXqjHqX4=q1mT,1
My AWS Access Key ID is AKIA6P8KH7RT28P6U3U6. Please add it to the config.,1
AccessKey: AKIAZ8R2W71TJOHPJF98 SecretKey: ++jkUbgNqkKRWk1=PlVwdl5=vydz2PU4p3hdzZr1 - store securely.,1
Credentials -> AccessKey: AKIABMQIMI8ACUEOBQT0 SecretKey: g=JUonycaMhsMDnwph0ZIOXcSJQTa21oAvfL8sBw,1
Found a key: 9DUqLto8rfy9WAdz1+NfTFQAydyBrgxYvpkgna7m - needs rotation.,1
This string hSaCZISkDDCU is a random token but not a secret. Note: token BKIA1KLYRSOAVA6FBF4F is not an AWS key.,0
Here's the AWS secret: AKIA1622VXYZX9JPNBZU (do not share).,1
Here's the AWS secret: APsA/l9DSxCgCAf4WoYePImYw/PjgqljXe9OEKLS (do not share).,1
Contact me at KShzP98Vbj7N for more info.,0
Please check the AWS docs at https://docs.aws.amazon.com/,0
The build passed successfully on commit wsteele.,0
Environment variable was redacted: [REDACTED].,0
This string samuelmckee is a random token but not a secret.,0
AccessKey: AKIASGEHN0Z1R5FN3EH8 SecretKey: Xa2EslrUAOpWIZiB769HS9CYUHevAYCzc7jL++Z4 - store securely.,1
We will rotate credentials every 90 days.,0
Credentials -> AccessKey: AKIA787XJJW8BKUVY7ID SecretKey: KOhJzOIs2sv+kkZyiOdTyp0gBjJbaDPX6Aiw=xxe,1
Environment variable was redacted: [REDACTED]. Note: token BKIAR85XL6V337PD7CDZ is not an AWS key.,0
AccessKey: AKIAJ9WRSB4GF16YE0A4 SecretKey: acx7l/c0UQoq7u1LhRdoHcA54YufDxsYWpx+=YVJ - store securely.,1
AccessKey: AKIA9LZRK79UFU6PY06F SecretKey: JuA2CgdPLo8sbICRfHmuN97xj3yysw+4fVC=0s0+ - store securely.,1
Environment variable was redacted: [REDACTED].,0
Contact me at 42UtRKlM8nxg for more info.,0
This string cynthia73 is a random token but not a secret.,0
Credentials -> AccessKey: AKIA48JRPE2XN9TXFJNJ SecretKey: g4HuAe/g6qp/83L87O+a/vSKKamhtXq0MOR/KxyO,1
This string talvarez is a random token but not a secret.,0
AccessKey: AKIAS49CDZN1F0FP8BPG SecretKey: 0FWJztCt7RHNyQjInNUHqE88U3iI1aBje+umTIvd - store securely.,1
The build passed successfully on commit hB2DyAHPuDGT.,0
Contact me at sydneyjones for more info.,0
AccessKey: AKIAVT3F2F3HYCPESBDA SecretKey: 8RkoUvhVZJzQzLWS=oPkTWU6+ZG7TtXtnP9mbtn1 - store securely.,1
Environment variable was redacted: [REDACTED].,0
Please check the AWS docs at https://docs.aws.amazon.com/,0
My AWS Access Key ID is AKIAF9I6UU13I59SOJUV. Please add it to the config.,1
This string Smr6G2cjOzjM is a random token but not a secret.,0
Found a key: AKIAKXVF1T2TALA753LC - needs rotation.,1
Please check the AWS docs at https://docs.aws.amazon.com/,0
AccessKey: AKIATWO7ERC4R6S34A1N SecretKey: jQlowRfz4xYJDgrLVHYl+jK/X/KISpOJY49i73Z9 - store securely.,1
Contact me at willischristina for more info.,0
Environment variable was redacted: [REDACTED]. Note: token BKIAFLOIG8B24EZHWTC9 is not an AWS key.,0
Credentials -> AccessKey: AKIA3X10Y14DSF2UWUFU SecretKey: tY5LZ395h20oYYBK/dObKkPDB5PloK=oNvR7Q6HQ,1
Please check the AWS docs at https://docs.aws.amazon.com/,0
Credentials -> AccessKey: AKIA4L8XAFSUMUXQJCTP SecretKey: MhM63lEzbcibODP0=BR5so0yQPvH1FalVtRQtQyA,1
Environment variable was redacted: [REDACTED].,0
I stored the key AKIAXWC4RTWUZKAMUGYS in the credentials file.,1
Credentials -> AccessKey: AKIACX7LXXEZDUXLEZ89 SecretKey: 7gRHbu9wXm=ktZGJWIR4OMklTO6UcxU+NWYpp/Y6,1
My AWS Access Key ID is XzAa04Ddd1QvgsFvdWRWdnjWGoR3tu=aFShaNhgn. Please add it to the config.,1
Please check the AWS docs at https://docs.aws.amazon.com/,0
I stored the key eVs7TJgvZ4d8tQLCF6n0mQx3gZ3y+SkdxE9hHwCj in the credentials file.,1
I stored the key KkW+LRm1pcl1mtdDOcVVxXX2CS2kylcl2BfkeACT in the credentials file.,1
AccessKey: AKIADRC11ERTJ5PHT0HL SecretKey: =QCHhovMooePo63epRni8LEZ0mgCBEVR+gAw4qmD - store securely.,1
Use the following secret to authenticate: qbQ49LUS9qONnCvnO3zCVCjFGD1lL9lsu51SmjBD,1
This string xpgkpseFL5aX is a random token but not a secret.,0
Please check the AWS docs at https://docs.aws.amazon.com/,0
AccessKey: AKIACQE8XAVMNKW7WVY9 SecretKey: GwqEZWYBM59S=y/Xfqfp1PgyvNEuJTDNgSMRbGel - store securely.,1
AccessKey: AKIACXZ2EI9212PGYME6 SecretKey: FCtTmmwVr27KektrxaPymb3YpUQJzIGJNuPhIe2i - store securely.,1
Found a key: SqwOLAeH003hEsD9wzL0gyYIruZkP04vl2=kjDzs - needs rotation.,1
AccessKey: AKIAG5VMF60YKNFU84XY SecretKey: rAbYXa7QNaq0t/PBywqES1zgHR2yQNthe=P3qU6t - store securely.,1
My AWS Access Key ID is AKIAQ2Q4QERXDOUADVWK. Please add it to the config.,1
AccessKey: AKIASYBHQGHLZRUWBN6E SecretKey: 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 - store securely.,1
AccessKey: AKIAEEDHHJSHZKBRH7LA SecretKey: R62RjfHVgqp=tEglcs0uWgXc3RlxCO5g0lA/rz3Z - store securely.,1
This string ljimenez is a random token but not a secret.,0
Contact me at kVksToucmLac for more info. Note: token BKIAKQC4LFSI0LJ7ZKXE is not an AWS key.,0
Contact me at qVt8Tg3f74GX for more info.,0
Credentials -> AccessKey: AKIAX0740C98UZZY00EW SecretKey: +sUj3iCx8Tgym6XGB5Aza+dUM8CDzLNoXSQ=fS0+,1
Credentials -> AccessKey: AKIAXHQZBC5F9E0KLLIR SecretKey: A8RRVtU6Qxzwd20z0E/Y4D1WTQ/W4l4kqg4vcjHG,1
This string alyssa49 is a random token but not a secret. Note: token BKIAAS04LX5Z3JUFXH8P is not an AWS key.,0
Environment variable was redacted: [REDACTED].,0
We will rotate credentials every 90 days. Note: token BKIAZHDIDVKBW8BTTCNO is not an AWS key.,0
My AWS Access Key ID is AKIAVYIE6IVWPVS7HZIO. Please add it to the config.,1
Environment variable was redacted: [REDACTED].,0
My AWS Access Key ID is BdtOJhrJLpy92/aL0m6W=+Za=5lzGfBbeE5bo=Am. Please add it to the config.,1
Credentials -> AccessKey: AKIACBN9WSZV83XPHX2K SecretKey: cMHplcpak=YwzMHVefs17w/rNm8LqAget90/40LT,1
AccessKey: AKIA60NBW8SJ84TC2QSI SecretKey: Zl83oUl+rsWV76itnpXFg5dZeFCEgMMtaB6UCPMP - store securely.,1
AccessKey: AKIAZKO0E49Z7K8CH3Z3 SecretKey: gi2iN5POOdV5HAFnJwIXATRllwEq+KrikLcjf13W - store securely.,1
The build passed successfully on commit a4zKv7uVTnV7.,0
Please check the AWS docs at https://docs.aws.amazon.com/,0
Credentials -> AccessKey: AKIAXYFGG3TY36MAT2C2 SecretKey: /1qUmz=+vJ1r6votc7TPge4CGHeB=sqRxrdI15SE,1
Contact me at GBZEN9MNVKbg for more info.,0
AccessKey: AKIAQ2DXX60LXET8SJTN SecretKey: OL=IY5XMt=FT2g2Sqp04=J/UlinKoDHpZjhPJb7k - store securely.,1
Found a key: AKIAHN110BS6TO8WYAQT - needs rotation.,1
My AWS Access Key ID is AKIAZWDZ09WFTBGM55FF. Please add it to the config.,1
Environment variable was redacted: [REDACTED]. Note: token BKIA77E799O6ALVGQXCZ is not an AWS key.,0
Here's the AWS secret: kwKoO8r14LtOAqJQfjVsrgZMXvYMs04REkY=f0jk (do not share).,1
Environment variable was redacted: [REDACTED].,0
Use the following secret to authenticate: AKIAAGL58KXO9T7E8G8J,1
AccessKey: AKIA5V3DMUKJDBL1G3Y2 SecretKey: J5AMqSUQjKr7PyYSBDCxEs9HU8oPftY2PepgLfs8 - store securely.,1
Environment variable was redacted: [REDACTED].,0
AccessKey: AKIAWIYMENVG3KK0VM59 SecretKey: w6xm97AoViVMkxQc4qId=RQbSByJEjTOtRRrNi1g - store securely.,1
This string michael35 is a random token but not a secret.,0
Contact me at hortonmolly for more info.,0
Contact me at kathleenturner for more info.,0
Credentials -> AccessKey: AKIAKN3DKVR5NBHGPBKT SecretKey: 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,1
AccessKey: AKIAAP4VKFTLECSAZ0LB SecretKey: 6SaadzK3XcJb1ELzSz7pFq+PF6D5osV/zqkWCtcA - store securely.,1
AccessKey: AKIADA1L526RQGKCUMCZ SecretKey: D=+XC89+FxsAOSCHOufAD5=c+dZTKkgyL3o4RwEI - store securely.,1
We will rotate credentials every 90 days. Note: token BKIAPY772A8709NWA654 is not an AWS key.,0
Credentials -> AccessKey: AKIAULPRX05H3K7UJJ31 SecretKey: NVlD13Cmledq6EIGhF6vLK7pj0WgZzZ4Jl5rKN95,1
My AWS Access Key ID is AKIAU4DU0FIYHQ3Y8UQZ. Please add it to the config.,1
Credentials -> AccessKey: AKIAZKAG6W04YGYFLQ8X SecretKey: Bb+5lXawEa4EcbSsoGXYg0vFwJRqD1tvHR42FrHP,1
This string francesgonzales is a random token but not a secret.,0
The build passed successfully on commit singherica.,0
Please check the AWS docs at https://docs.aws.amazon.com/,0
Environment variable was redacted: [REDACTED].,0
I stored the key AKIAHO4QHCG7FD143XRV in the credentials file.,1
Here's the AWS secret: AKIAZQ0X717HW0BUPMTX (do not share).,1
AccessKey: AKIAK2W1I5KI7VE3AU09 SecretKey: oi/rrkLCvMu4Nidj/AeDMsealYrgnDOZMlDTgyUi - store securely.,1
We will rotate credentials every 90 days. Note: token BKIA2GBZUO7MTCOYJ61A is not an AWS key.,0
AccessKey: AKIA6Y5H3O0SW58611GQ SecretKey: qJ/h+mRZnoNgJH+wmVVeEUX9b9FzQBOyLa6IgQrY - store securely.,1
My AWS Access Key ID is AKIAL6246HID25OWF759. Please add it to the config.,1
AccessKey: AKIAAAUWIDQJ4BWVF8GU SecretKey: aIY81Gon90rWyCno1VmlZb+pDqLQfE4+znyBMeKd - store securely.,1
Contact me at ZWqrQ2yiHHJs for more info.,0
Credentials -> AccessKey: AKIABNEGUARHJRHE45JJ SecretKey: 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,1
Here's the AWS secret: AKIAD78QIG6UO3ZIN1A7 (do not share).,1
Use the following secret to authenticate: AKIAG680IUGA4FEGYYJ5,1
This string belljuan is a random token but not a secret. Note: token BKIA0TSDWAN0UR99YAEC is not an AWS key.,0
We will rotate credentials every 90 days. Note: token BKIAAY0A1V9Q3R1SS07Z is not an AWS key.,0
Credentials -> AccessKey: AKIAZZ5T6V8VLQ3VXHQG SecretKey: 2CuN8Z2mtYEfLZidVI3KzQU1dl4Zpd3JeJfIgqJ1,1
This string Xr2hcfFILbnv is a random token but not a secret.,0
Contact me at EfqbrXqQruJP for more info. Note: token BKIAIADVO9F188NV6YYX is not an AWS key.,0
Contact me at deborah84 for more info.,0
This string BXn3dilr6nYp is a random token but not a secret.,0
Contact me at hudsondonald for more info.,0
Please check the AWS docs at https://docs.aws.amazon.com/,0
The build passed successfully on commit SRQalRE41tZQ.,0
My AWS Access Key ID is AKIACASIKZOIEASU29EE. Please add it to the config.,1
I stored the key AKIADD56H6U9WCDB68ZA in the credentials file.,1
I stored the key AKIA4XFRI09M0G8W85Y6 in the credentials file.,1
Found a key: mOpdrb6x=yOSKbisJYwyq8zMmw0tPPiILrz44m/8 - needs rotation.,1
The build passed successfully on commit welchmolly.,0
My AWS Access Key ID is fV77Xmvu=FTEsckEPucNy8xBEd49SrPfeAtU4IRq. Please add it to the config.,1
Credentials -> AccessKey: AKIA0IT26YS445GDEJ31 SecretKey: lSvfxWtZvqt3E4L9e5G4ytd3inAL6DuUYFPlParX,1
AccessKey: AKIAREZRDYXYUR4SOR8W SecretKey: w+ubc2wWb5wgwxwQqQM7etvbvD4K6rTM=yzL0gRv - store securely.,1
I stored the key AKIAGE0Q5ZJAUCYHONBP in the credentials file.,1
This string kpadilla is a random token but not a secret.,0
The build passed successfully on commit rZoSdHVsH6la.,0
The build passed successfully on commit JqKOmGnKVQUZ.,0
Credentials -> AccessKey: AKIADKITMAF9H3FHVFIJ SecretKey: veqcWViI9cxbZp8B/WHgWB3994d5xzN1XzSe9n9X,1
Use the following secret to authenticate: AKIA9OB6KB9Z7FW0C20X,1
The build passed successfully on commit ePawxq6ztYv6.,0
AccessKey: AKIARCTLT4Q9BC2BE3YQ SecretKey: S4jL8cjQE7cTildtZDlM1gGZo0B0+Sv+Li2ZXMvh - store securely.,1
We will rotate credentials every 90 days.,0
Found a key: AKIARMSWJJJKSL66UML3 - needs rotation.,1
The build passed successfully on commit nrobbins.,0
The build passed successfully on commit morrissamuel.,0
AccessKey: AKIAAJI0Y6DPBHSAHXTH SecretKey: M0a0Twk/vgg3N0VI+yJ1O4LTcosfpgsPxynr8QNl - store securely.,1
Credentials -> AccessKey: AKIAQK4K6ILSIDBX287G SecretKey: J96p0mUeg1liEXVj8pa3XHbGdidki42LsplhqPXe,1
We will rotate credentials every 90 days.,0
The build passed successfully on commit mJlNwG7hnpLu.,0
We will rotate credentials every 90 days.,0
This string luis49 is a random token but not a secret. Note: token BKIAU7XX9IGD40CM0TU2 is not an AWS key.,0
AccessKey: AKIALSLV3N1UHYGSW419 SecretKey: b2ZP32PLjhDr3BTf4SCAn2XAk8R5E9Ll22f=18FK - store securely.,1
Credentials -> AccessKey: AKIAS3GOF2NNKQE7A5JI SecretKey: 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,1
AccessKey: AKIA63QE8NVN439ENGA0 SecretKey: XSUm1O0o+/cGTNa+PhsGlmWRNlMWi835Vr3b+SNS - store securely.,1
AccessKey: AKIALXCHFU131XQKWQH5 SecretKey: tZS78U7=LNH33e6/aK+hscCMOUACnljK2xBs4iaQ - store securely.,1
Found a key: AKIAG8ZF2L4C0BB6PYMA - needs rotation.,1
Found a key: JI7kSOw4ekM0MSzXsqGW9FODYemifdI/cT+J0Wd7 - needs rotation.,1
The build passed successfully on commit 5ySPuIRRzV2J.,0
Environment variable was redacted: [REDACTED].,0
Found a key: tfXCzQEIizZJ/jS7ZVy9JKiaMI9tW6wAPHko2mlZ - needs rotation.,1
This string john33 is a random token but not a secret.,0
Use the following secret to authenticate: zah7vWFeJp9j12lbgtIzfXSjxocRoT20PU6zudaY,1
My AWS Access Key ID is AKIAFB2FLURMW3UQHWTE. Please add it to the config.,1
The build passed successfully on commit pdickerson.,0
AccessKey: AKIA3D43E7B7P0RNPM6J SecretKey: CjNOQG5FfyBPZq=JbyUFYwKurbMb0s0ExLpkqpIZ - store securely.,1
AccessKey: AKIA9EWHO5QQ8QMXETIZ SecretKey: K9VYxE4ZytzEJD6/4Amv5Q8C9bnKl+SYPL0jupWX - store securely.,1
AccessKey: AKIA6HVE8DVN1X2GDGKX SecretKey: eD=YSRYqYsez=q0le+nzPhJCNgCqceVYbGQaczjv - store securely.,1
AccessKey: AKIAB4IBHIF5SL1YA1RY SecretKey: TJcMnLaTLx6knI7WsKHknNvvqhsbNQHAmc0W4nLW - store securely.,1
Use the following secret to authenticate: AKIA6UACOTFVAN0FVEL5,1
Found a key: pFg8VktqkBVxXs=SPekh89eYXrlXvG2IHFNZxfl0 - needs rotation.,1
AccessKey: AKIAZ2P6EEAMYFP9S8GK SecretKey: WhiTStn+BXhbFCmcQME7ctagiNMnRbjWsLw3YNGe - store securely.,1
Use the following secret to authenticate: 7WaJm+tC6bGHHLvrbk3NyGwN4mSGO6zPn9Mupm7E,1
Please check the AWS docs at https://docs.aws.amazon.com/,0
I stored the key TZEijrDplSMUNf1tBKm=+O4=GEOndhj27Gk7dxnq in the credentials file.,1
I stored the key AKIAA2MT4C46P9NBAV4V in the credentials file.,1
AccessKey: AKIAXEKZ83Y0224WK0YE SecretKey: mNgB=tndb5xk16ceBOhoqwxd5rjSHRT8CD2hgNY9 - store securely.,1
Credentials -> AccessKey: AKIAMGFXC08DTNQFLL7V SecretKey: 5kXdfCBNAoHwhSMIuo+dn9XXshGBiIoKRxzWCDfu,1
This string z98wXD16INBy is a random token but not a secret. Note: token BKIAZ8GICR6D86U8781X is not an AWS key.,0
AccessKey: AKIAIEOKVG019YDQ3NWQ SecretKey: ahhP7oM=FTgMy=TtivU4IATz1YIe2J1QWnQh4TaD - store securely.,1
Credentials -> AccessKey: AKIA63X5ULZZIX2SOTH4 SecretKey: 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,1
This string meganpowers is a random token but not a secret.,0
AccessKey: AKIA2ZUEUGWUBUGR6E7G SecretKey: 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 - store securely.,1
The build passed successfully on commit martinezshawn.,0
Here's the AWS secret: iZlqF+YdwDk8Us+2TRjpcuiqlKcuwyJkt7AGjDua (do not share).,1
My AWS Access Key ID is 8P9d9C=rSExX5osBDamfLbV+BeqkuOgF0MOvqhpw. Please add it to the config.,1
AccessKey: AKIAKL1CQ99CHJ755NF4 SecretKey: TN=Qa1tR9ihgJrNUnPrF62fBraYPrWJBae56J2Lj - store securely.,1
We will rotate credentials every 90 days.,0
Found a key: u5n0ED7aB1NlMknTI9p5RpvSPThxK+D=MewJmx=I - needs rotation.,1
Found a key: AKIATG5NQJQIJC1YDMT8 - needs rotation.,1
The build passed successfully on commit GRDdhCUPhIYY. Note: token BKIAZ2B0FMKOV2Y9269X is not an AWS key.,0
The build passed successfully on commit walkerjeffrey.,0
Use the following secret to authenticate: NFheqJGVx7oU9YtQIrTGd6TOsni+oWny1j+TQDhG,1
AccessKey: AKIATZ8G1A0774RZGYD4 SecretKey: +BHAXuEHGxsUfGzDVS2oA=B3609xaRRzHRhzT+W6 - store securely.,1
Environment variable was redacted: [REDACTED]. Note: token BKIAKRJWTG3FIMLCBIED is not an AWS key.,0
My AWS Access Key ID is AKIA4C1V47LZN9UHJPKH. Please add it to the config.,1
Use the following secret to authenticate: AKIAK6XW4EMM9VASJEVT,1
The build passed successfully on commit derrickrodriguez.,0
Contact me at welchmichele for more info.,0
Here's the AWS secret: aTYFAV0eoySYhI=vtd=Qx3w2XsnK/QtzgSF5Cmcb (do not share).,1
Environment variable was redacted: [REDACTED].,0
Environment variable was redacted: [REDACTED].,0
Use the following secret to authenticate: AKIASPQFHPVKU8H5R8MN,1
My AWS Access Key ID is AKIAKNWI5FLUL1RSRLA8. Please add it to the config.,1
Environment variable was redacted: [REDACTED].,0
Found a key: AKIAPA2VOI8UYYF1IRYM - needs rotation.,1
Please check the AWS docs at https://docs.aws.amazon.com/,0
AccessKey: AKIAT2M6TWD1XMXB9YO1 SecretKey: /BaqHHLLCzYMGwbgB/h9juDnFECTut0h3QSk+plk - store securely.,1
Credentials -> AccessKey: AKIA3X0G6SQJY6REG857 SecretKey: RSAwWj6EiBSAmase18OxjCIb8vH+c7FSVemE3mBN,1
AccessKey: AKIAFN24XCRWDWF1TQV0 SecretKey: EW+4LnlfGtjsr5PnBh1dmyCSnEjzTl8jcMYp6AiL - store securely.,1
The build passed successfully on commit XJ7SUOoiY9RK. Note: token BKIAC5UDOTUQAJELIVWO is not an AWS key.,0
This string KHQsUfh5jfE6 is a random token but not a secret.,0
AccessKey: AKIAJUY0BVR6K2VMWWYZ SecretKey: Q2O6QuCLVftWliJ+I71q1F0Wwh/j/3V+/0xZaIDR - store securely.,1
AccessKey: AKIAJ0VA0STKA0914ABA SecretKey: Ug/2MkY6Y95pcqLco6wmnakxc060w+h5ovvU6oAG - store securely.,1
Contact me at mooremelissa for more info.,0
This string MH2iNsWqAszD is a random token but not a secret. Note: token BKIA1I10PKAP7WR1SHEU is not an AWS key.,0
We will rotate credentials every 90 days. Note: token BKIAKOU3N8Z79NK33AH7 is not an AWS key.,0
The build passed successfully on commit kennethharvey.,0
The build passed successfully on commit KA7e3DydSCUj.,0
AccessKey: AKIAF3KWBNBPAVAJIMMN SecretKey: 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 - store securely.,1
Credentials -> AccessKey: AKIAJSRD9Q46NOUHFJ7U SecretKey: Bjvy2GQSq1/PFkZlUF7JPdc39RXA2pTaGyOROFFa,1
Environment variable was redacted: [REDACTED]. Note: token BKIAP5KE09JNEFTZ53C5 is not an AWS key.,0
The build passed successfully on commit mmcclure. Note: token BKIAJUVPCVV5765EJ9TD is not an AWS key.,0
The build passed successfully on commit oevans. Note: token BKIAZXMUUCA7R6D2X6LO is not an AWS key.,0
Please check the AWS docs at https://docs.aws.amazon.com/,0
Found a key: AKIAGOM62HDXC6RIJKQ2 - needs rotation.,1
The build passed successfully on commit kwebster.,0
We will rotate credentials every 90 days.,0
We will rotate credentials every 90 days. Note: token BKIANWGU9B8INNU7PGGM is not an AWS key.,0
Environment variable was redacted: [REDACTED].,0
We will rotate credentials every 90 days. Note: token BKIA5428MT9FSV5Q4FIU is not an AWS key.,0
AccessKey: AKIAPHNCASLJSI3UDUUR SecretKey: OKftdLVI16+z/O2Z+srCD9GhLIuCj3k=mVSW4xv5 - store securely.,1
My AWS Access Key ID is goStLEIBWvTrqhmhIXmoFV+IsgmolaIr+JTi4F4L. Please add it to the config.,1
Contact me at shelbyroberts for more info. Note: token BKIA6K9KOHD5MHBCIG3K is not an AWS key.,0
Use the following secret to authenticate: yiXScxTBGfICx9S+41r5HjwUDGHrUA=/pcAEY+AM,1
Please check the AWS docs at https://docs.aws.amazon.com/ Note: token BKIAL1RLCFNR37QTZJS6 is not an AWS key.,0
My AWS Access Key ID is FfivwgT4Maqimf48YpYj+GBrPVOKUuvlRl2j3ghG. Please add it to the config.,1
My AWS Access Key ID is AKIA9OPLLV12BVXEJAXV. Please add it to the config.,1
AccessKey: AKIAEZC7FOV2YGNMBY49 SecretKey: i7hAcruTSXLK+RvITgRqwRz2K=dPk334eFp+doPA - store securely.,1
I stored the key AKIAQ9P965K55DMCXXBW in the credentials file.,1
Please check the AWS docs at https://docs.aws.amazon.com/,0
AccessKey: AKIA8ANP8DMLC8XIZX35 SecretKey: b/V6c3laHjEcMnWtO1BlHj0Rx8ZbnAy2ObbbEVjA - store securely.,1
Use the following secret to authenticate: AKIA8LV6TX0TBKG8B350,1
AccessKey: AKIASUMH0ZNSGWOC4191 SecretKey: nst7P03Lhe2knV64bjLYVMwbtFQVmNmaBEnMg/jd - store securely.,1
Credentials -> AccessKey: AKIAQLLD0N53R4SIP4B8 SecretKey: r3TPh9ZcxDO9hMEdViFri2I3wkiv00BdvYGZDCtk,1
Found a key: 1XgUGmJIEaRpoSZG40VIs0I=A4b31=lk5uQs0m4h - needs rotation.,1
AccessKey: AKIAU4NS7NVV28UE1MY6 SecretKey: BzWwZ3LH90OYRbKb9g70V3q1w+qCdD=rZnYJuAw1 - store securely.,1
Here's the AWS secret: 2tnZNuCRHZ/VQsROg9pu0jd+NXD5LUyzjS635Yo0 (do not share).,1
Use the following secret to authenticate: AKIANIDP9MGYH523GGOD,1
AccessKey: AKIACZ14WJAI9C2BVS3K SecretKey: 118zN=PQmMS0yKtAygosdFrplulV/RML7=CaU7kC - store securely.,1
Environment variable was redacted: [REDACTED].,0
Please check the AWS docs at https://docs.aws.amazon.com/,0
AccessKey: AKIAUXYP3HBRBJEQVVIA SecretKey: bYLaEi/cIIvbE1AtuwfYGdt+GP728go1j=3VofV0 - store securely.,1
Environment variable was redacted: [REDACTED]. Note: token BKIAFQGSEM2FITGUKTQ5 is not an AWS key.,0
We will rotate credentials every 90 days.,0
The build passed successfully on commit qrivera. Note: token BKIA9A1N3IRW50LMBVSQ is not an AWS key.,0
Please check the AWS docs at https://docs.aws.amazon.com/ Note: token BKIAGS59YMZY6EKDKFOR is not an AWS key.,0
Contact me at michael44 for more info. Note: token BKIAQI1HF2YKGICX7FNB is not an AWS key.,0
This string LYNakcWEm6YW is a random token but not a secret.,0
Credentials -> AccessKey: AKIAG5ZMTGA46AYN2D7K SecretKey: p0Q9+=55ej8ZmyyM+pdOmIZvdZ43/5nfEReHWPHG,1
Please check the AWS docs at https://docs.aws.amazon.com/,0
The build passed successfully on commit baileyjames.,0
The build passed successfully on commit hoffmansara.,0
We will rotate credentials every 90 days. Note: token BKIAOZPRRT2L2IEO9UVJ is not an AWS key.,0
AccessKey: AKIA68M1INUFNCC8UUXO SecretKey: B71dJUFcTpFrSU/RLsL/yoaFy3kvoP1enyq6lgIl - store securely.,1
Here's the AWS secret: pt1zvg3CBGLV=czHV864pdbLJrQ5hOQDCkVECGMS (do not share).,1
Credentials -> AccessKey: AKIAJHJXQKD8UR6TIARO SecretKey: yJho+zpyKPv0+gl4FqjOEUKpXquvjuKAaSXZJuQu,1
This string iRJwDXN9Ru2Q is a random token but not a secret.,0
We will rotate credentials every 90 days.,0
Contact me at imurray for more info. Note: token BKIA4H4ZX5BT8ZEH3RPR is not an AWS key.,0
I stored the key Xw6LYuuoY0bi3yZ4Y3lBTdzvNodTRkmlt/ZB5TEA in the credentials file.,1
AccessKey: AKIAU6YHVWNLBS0UMIFF SecretKey: Mwbw0rsPZsadj/EtJXGtDDu9Bn5B=qvbpuomMzrB - store securely.,1
AccessKey: AKIAT43PT5R5RC6ZS62Y SecretKey: OhXl++0iB=C=O2q77ezzvrD4ZOHBAjMX98KgsIwA - store securely.,1
Credentials -> AccessKey: AKIA2G3YU6VK0UCC1M3O SecretKey: 44oQNaYytcJjGodVzCMGoszifLdzfGYiiKFQmOVq,1
This string 1ihGRdboLisI is a random token but not a secret.,0
Environment variable was redacted: [REDACTED].,0
Use the following secret to authenticate: AKIAWOW7L7J7Y96YG626,1
Here's the AWS secret: AKIAVWWUSXLMT2PNJKA3 (do not share).,1
Credentials -> AccessKey: AKIA1L7DYPMLVAK9W9PF SecretKey: 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,1
AccessKey: AKIAN5KG3FYE4HQGOXAI SecretKey: DLGT0z12cZ=QU6KsW/j0fRF5er=t2doZ29k0Nszl - store securely.,1
Contact me at YbZayS0K2cKn for more info.,0
My AWS Access Key ID is uWIa9GgV4z=neTgD1O7dfr8n7EhgSWMEQAYgOz8X. Please add it to the config.,1
I stored the key AKIAYIUKEUF5C1GXSKOU in the credentials file.,1
Found a key: LKxuBaqoWC2iV5ExtJlN23jJr5eebGcLAM6JJ=EY - needs rotation.,1
This string obarry is a random token but not a secret.,0
Credentials -> AccessKey: AKIAN2EJ0AS1SSRKXLCD SecretKey: +YIOnOnS2n15WC1eSbUcelqe17ADAuzhaUeWc3xG,1
My AWS Access Key ID is AKIA21Y50DF0WCYR2P6X. Please add it to the config.,1
We will rotate credentials every 90 days.,0
Please check the AWS docs at https://docs.aws.amazon.com/,0
Environment variable was redacted: [REDACTED]. Note: token BKIAVO02MZJ86GO8N177 is not an AWS key.,0
Contact me at greengary for more info. Note: token BKIAHLSXJXRQMBBXDO7N is not an AWS key.,0
Please check the AWS docs at https://docs.aws.amazon.com/,0
Please check the AWS docs at https://docs.aws.amazon.com/,0
AccessKey: AKIAGXNX4SN6SM5RRVSF SecretKey: kfPnmxUho0UFFnk2bcLkOcLdql/MKbURsfD=4l1N - store securely.,1
Found a key: AKIA7WXE6SYLZTGXN0GU - needs rotation.,1
Here's the AWS secret: ZH7USKCYGnyJfMuWSETgKcd=wpI0NoJy9HL60r/u (do not share).,1
Please check the AWS docs at https://docs.aws.amazon.com/ Note: token BKIAWJ77ECAAFFSDUC4K is not an AWS key.,0
Here's the AWS secret: t64OMrQ+LodFIUYy1pLTmCBAnGNE3VTHK=Fy/DIJ (do not share).,1
AccessKey: AKIA8HMBR5XQT4P501NO SecretKey: LmJeGXs=Sh+zZw9XmHGcivEDNHvNk=Wtv1IUt1xR - store securely.,1
AccessKey: AKIAED8A6B3ODF76IMG7 SecretKey: Tg0EViV1SpAS4LV2GpBNz1ti+ALrO5TqNahMWSL0 - store securely.,1
AccessKey: AKIA04JSE17QUAMI0UZ7 SecretKey: R2ptR0LjyVgHmYDjBAfBinfRAKY4LP=S9VBkGFD/ - store securely.,1
Here's the AWS secret: rU/Vxg0T=EdUi8fPILz/83Anv5JmuNrRDJaSdmpW (do not share).,1
We will rotate credentials every 90 days.,0
The build passed successfully on commit 3lWsEI15RTa4.,0
Please check the AWS docs at https://docs.aws.amazon.com/ Note: token BKIA5YNKLOWQDWOL61VA is not an AWS key.,0
I stored the key oLdZFJGzSl+TDSanLvNqJpENxGnTy3sliLogrpCy in the credentials file.,1
AccessKey: AKIA6ENFPPRO6DUTJTO9 SecretKey: W2RczLG8CIpuvVzA9zuWMVoQhj80lmbSckqo+sFH - store securely.,1
AccessKey: AKIA27DCBHHLK3YJZ991 SecretKey: W7at1YAALQEHXjzoWEHZXUDZumYTnDKyLi9a02wB - store securely.,1
Found a key: AKIAQFDTNBS5XRGA3L71 - needs rotation.,1
AccessKey: AKIAEYERBL6SGW2NRV4E SecretKey: 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 - store securely.,1
Please check the AWS docs at https://docs.aws.amazon.com/,0
This string heatherwatson is a random token but not a secret. Note: token BKIAAM5CSPM0OS2C4XN9 is not an AWS key.,0
The build passed successfully on commit ymedina.,0
Use the following secret to authenticate: uyTUGrA7Lcon4zt5L8yJifCwLEOBEA0uylpPxf2H,1
AccessKey: AKIA6SIF6DOHE7KY87Q1 SecretKey: =K+D33fMMBkd9pR5Z5jyHfEEbMaCfwkUJlC/gZVl - store securely.,1
The build passed successfully on commit bmorgan.,0
Please check the AWS docs at https://docs.aws.amazon.com/,0
Please check the AWS docs at https://docs.aws.amazon.com/,0
Contact me at adamjefferson for more info. Note: token BKIA8SPW0S1NKK0G78TM is not an AWS key.,0
Use the following secret to authenticate: a1svWy2v6cC6zre6zy4UT59=aDvz17rOcNxKmBnK,1
Contact me at EkuJgooDVR2a for more info.,0
We will rotate credentials every 90 days. Note: token BKIAH2CWF52CDRXU9435 is not an AWS key.,0
I stored the key AKIA1630POCR0VHV1NM3 in the credentials file.,1
The build passed successfully on commit ialexander.,0
I stored the key AKIAR4F2ZDFPPWC1QY9M in the credentials file.,1
Here's the AWS secret: AKIA8QJNV8Z2FLU7U6N7 (do not share).,1
Use the following secret to authenticate: UBYPU0yaF1GnvQVGI5=NNC90DUJJXcvAOZE587Np,1
Contact me at valdezjoshua for more info. Note: token BKIA4VH9T13G4WANI24R is not an AWS key.,0
Found a key: AKIANFLAYZHULICKHHUZ - needs rotation.,1
AccessKey: AKIA1YKVUBF99U26UON8 SecretKey: ezEv/PtlRl1Nbm7znsIDxav7z=iBWz6n4u1RkLun - store securely.,1
This string KZ6AEfgIcNH3 is a random token but not a secret. Note: token BKIAYXIY47HGM5SRZEPF is not an AWS key.,0
Use the following secret to authenticate: DFvXy84+py3AuE7y=ZQj/i/vg2g7aj4+eYrOzfvR,1
Found a key: AKIAWTGDK4SNV9RR49HQ - needs rotation.,1
Please check the AWS docs at https://docs.aws.amazon.com/ Note: token BKIAEZ18X4RYS04SJU6U is not an AWS key.,0
Environment variable was redacted: [REDACTED].,0
Here's the AWS secret: L0G7YVxKGl+v+E2dScSd3p7nXx1quUzojggMIUZJ (do not share).,1
AccessKey: AKIAATJ4MDHUTT52LK3T SecretKey: OVr3=JB4a8DyaacwzSg5Yxn79zgqK1+R6tDdX77Q - store securely.,1
We will rotate credentials every 90 days.,0
Please check the AWS docs at https://docs.aws.amazon.com/,0
Here's the AWS secret: AKIAEXW8L85JE6K9WAM0 (do not share).,1
Environment variable was redacted: [REDACTED].,0
I stored the key oYVsEHzGR30NkHDl9Q/VFxoFeycn7xEDd+vTH12r in the credentials file.,1
Environment variable was redacted: [REDACTED].,0
Credentials -> AccessKey: AKIA47O3LQI7E1DDQLEM SecretKey: YDE3f0tTNn3jU/zdt1l93KJggZheYomAS8fM7e=m,1
Environment variable was redacted: [REDACTED]. Note: token BKIAA74TBS9IZKM5VGYW is not an AWS key.,0
Credentials -> AccessKey: AKIA7DYVGDGFWMQX327Y SecretKey: eqj/FZcd+F2QXM3fQ7KTHXPsiXtOAyFFuFzGZsSd,1
We will rotate credentials every 90 days.,0
Credentials -> AccessKey: AKIAWQB6TWNVJQJINH1K SecretKey: 4V3t22hLT+Dq3NcpHbmIB4en1HNl8HG50KwlJmsK,1
Found a key: xuP6cWZd7RqzPT6SIpCa/87t8Xt3kCu0PZrfYFV8 - needs rotation.,1
Found a key: FNcrjNTc5vpW76b1tsFTg4i+C1rBPmn1WX41HkuG - needs rotation.,1
This string 7fQRsGQ8jBV0 is a random token but not a secret.,0
My AWS Access Key ID is AKIAUD8T7D2TO1KVTORP. Please add it to the config.,1
AccessKey: AKIASX0GNZHG8Q3GCG1J SecretKey: 6AOO4ktyrwMFRgdWaL=gHaN=X8EvBy5=19Rydxvg - store securely.,1
AccessKey: AKIAXH376ZUGFLDT8BEM SecretKey: e48Qnk=p7Yb59i9b43ndCmYMi+GLHkn9Wx=AnfGF - store securely.,1
AccessKey: AKIAR3URMWUECPNCC2KE SecretKey: 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 - store securely.,1
Credentials -> AccessKey: AKIA9F16X14AI7REFICG SecretKey: QuAaGGPe=wofLR/jvO2MemFnctlt=rDJarCC/Bio,1
Credentials -> AccessKey: AKIA55P1V3ZO7UTXZBDQ SecretKey: 55pI+czX/mC5Yskt7S6EPfGlM6JzvbD665fvQUkV,1
This string sarah06 is a random token but not a secret.,0
Contact me at azwtBF6uPGyu for more info.,0
This string kathleen57 is a random token but not a secret.,0
Please check the AWS docs at https://docs.aws.amazon.com/,0
Found a key: AKIA5X9EE346Z7WQP3NI - needs rotation.,1
AccessKey: AKIA6P61XUFCTZG4FBL9 SecretKey: /tW1PVjmib=ONNMpbfYi2EQlzEkoA/89oRnnl/CO - store securely.,1
I stored the key Qzx96WBTZNl+150E3gJbf3OKlTckKCrrXkrBvm1L in the credentials file.,1
The build passed successfully on commit Xh70u8QouREU.,0
AccessKey: AKIA8IOGXPBWHVNZH13C SecretKey: g4mvDr4IPMNMw2O0TtNfihtlTHBiymPTP=KFjuDd - store securely.,1
The build passed successfully on commit maryshields.,0
The build passed successfully on commit qfrench.,0
AccessKey: AKIAAQS3TGDBFXA2WD77 SecretKey: 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 - store securely.,1
Use the following secret to authenticate: mzlkRvHEMBVor82ytV1uuKXa9dAPjDr1nRq2bByK,1
AccessKey: AKIAUJMIYQFY751YW7NH SecretKey: /FD=yT7X01XSMZIIx7h16nIk3CSUF6CdiBKKRubq - store securely.,1
Credentials -> AccessKey: AKIAJB85LFOS9DJ9IHJD SecretKey: EhjEZRlmakfF1IlOq8BLw1YSCX4p1phHJ=AwLDWG,1
I stored the key QkD9R9jnOrPPUKQHk1uZy/qrISAvf7YjZrg+o9Yi in the credentials file.,1
Contact me at christopher19 for more info.,0
Please check the AWS docs at https://docs.aws.amazon.com/,0
Please check the AWS docs at https://docs.aws.amazon.com/,0
AccessKey: AKIA54FN5G77LK6HQIV9 SecretKey: Z+GhNv7kE/acR4=4eBqUhYQIbFVtz1XxUHQBijr1 - store securely.,1
I stored the key AKIA8VAQVBDIM28AQWD1 in the credentials file.,1
Please check the AWS docs at https://docs.aws.amazon.com/,0
Found a key: AKIA1RTMPV5LMQ15FBS4 - needs rotation.,1
AccessKey: AKIAIDYREX9BOBCD11R8 SecretKey: =g/3YUIa7nb0MvAJ2IaSvPGV1M/775SzNw5eN04P - store securely.,1
Please check the AWS docs at https://docs.aws.amazon.com/ Note: token BKIA4AF3QHYH0G0XQZ3G is not an AWS key.,0
AccessKey: AKIAMWNPR424TKB9OI0D SecretKey: 2gve0EnZQt0CJnAODXlbT4Ln/WE8INXCKOHxjjSt - store securely.,1
My AWS Access Key ID is wDlXNig1ZvQZIAAOJ+yw0MYCZJpRf8LFMEK1l/eh. Please add it to the config.,1
Please check the AWS docs at https://docs.aws.amazon.com/,0
AccessKey: AKIAWPR97Y2LOFN1R4KZ SecretKey: 07K/KipnQ73gVmrRN4mXVKF4v/a8/h=FpNn7JYyI - store securely.,1
Credentials -> AccessKey: AKIAOJY6G107G8O8G8HZ SecretKey: wNSg39gUybPH/9KbuFS1omOhRHL8hFFdHTLrc2nt,1
Contact me at oZUmyZP7FeO0 for more info.,0
Found a key: 6jMfnE4=e/XfA7AKUXimyKc12tKEbar/2EQ6BFSp - needs rotation.,1
Credentials -> AccessKey: AKIA1RBRNU851V9PD57F SecretKey: EJsCdHPZxImWlYTUFAlWrFQYx84PuyZzKl4aglVR,1
I stored the key AKIAK5B8U8H7BI8TJWOF in the credentials file.,1
Please check the AWS docs at https://docs.aws.amazon.com/ Note: token BKIAU90FPI90MB0ORR5S is not an AWS key.,0
AccessKey: AKIAJF6DNOBK8HUP3FTJ SecretKey: 7ae3rFeE+8GfD6O+3/qK50vRIR2MS0Yp0Cr9t+=d - store securely.,1
I stored the key Cld9F1AeOdjKt=hXNZoHDC3=tONW9nnQkleaDMsp in the credentials file.,1
The build passed successfully on commit pnPbJstMMobQ. Note: token BKIA9UXLJ1FWYMS2FMQL is not an AWS key.,0
Environment variable was redacted: [REDACTED].,0
We will rotate credentials every 90 days. Note: token BKIA9ZXVTH4OQSRLDHH2 is not an AWS key.,0
AccessKey: AKIAVG042MZ8M6XHIGX1 SecretKey: CTmHNaxET62YooBG+Efd+cmNZhGk3ygFkgP9+o/S - store securely.,1
We will rotate credentials every 90 days.,0
Please check the AWS docs at https://docs.aws.amazon.com/,0
AccessKey: AKIAEHE2ATN2TWDL9ZS1 SecretKey: 1e+PDSw5YPl/C7dijkuUw962qPJitIGk9kQUN2K1 - store securely.,1
Credentials -> AccessKey: AKIAL51FLMNAVYCS44PH SecretKey: n7ZwRT+MvL/OBkDZcoaooOpV9vWnl=xebhsmMXcb,1
Credentials -> AccessKey: AKIAFMQ0YCY6BDZSGU4W SecretKey: 9OpM4omEFmGiPfHVnCFNUcSNPpwI/524RFOMJto/,1
This string o9nJsA4qES5m is a random token but not a secret.,0
This string whitebrandon is a random token but not a secret.,0
Contact me at johnali for more info.,0
The build passed successfully on commit VQfyI808J4cU.,0
Found a key: B7gkqeBVJvTXPlCPantLhqUXQiMA9D4ilMvsfxzy - needs rotation.,1
Use the following secret to authenticate: AKIATG08ZZKK4J1O5HD4,1
Environment variable was redacted: [REDACTED].,0
This string yrJ6ndwKMTAv is a random token but not a secret.,0
This string htran is a random token but not a secret. Note: token BKIAADOV9WD0RVZ3Y9EM is not an AWS key.,0
My AWS Access Key ID is Cx5DjlHQO7YE1Mup8sDWLRvGvFxqsM5KHmpAKpEU. Please add it to the config.,1
Here's the AWS secret: aGVUr8LccFxL/fVI3WsHINpORRSJLN6IaD6Lvw+t (do not share).,1
Found a key: S1xLc6vcL=N1mlz=gMOI2seNqPTgNSc3RT0xHtTA - needs rotation.,1
Found a key: AKIAL88L12QFAF5KCIHD - needs rotation.,1
This string megan63 is a random token but not a secret.,0
This string megan76 is a random token but not a secret.,0
AccessKey: AKIABRD399Q68RTIG7ZD SecretKey: =b8vysUR9RR7PFZvoL8ew7WVQZ/CpqshwMm9Liuy - store securely.,1
Credentials -> AccessKey: AKIA5A5XIN9DL5TGSQ7A SecretKey: qIvzkwwOp+G0O550bKsj6Qfy/NOopj+7vJnjJ04u,1
Contact me at mWaMwkZriPQw for more info.,0
This string g0Bqf5c3WOzL is a random token but not a secret.,0
AccessKey: AKIAQH9Q3VILURQBDX7M SecretKey: 2Zz13AlOCzQTgTc5k5IReV67AXhxXGYAkncbPREw - store securely.,1
AccessKey: AKIAHVKQXI64HAA34H8N SecretKey: v+NkFKs=3qO53O398tyKkdnmB4eBbY6tr850n7WS - store securely.,1
The build passed successfully on commit wallsstacey. Note: token BKIALSWZUAH35QRR4ZGM is not an AWS key.,0
The build passed successfully on commit NRELvMMYGRP8.,0
We will rotate credentials every 90 days.,0
This string qvZJv80N6Y9L is a random token but not a secret.,0
Environment variable was redacted: [REDACTED].,0
The build passed successfully on commit yolandaharris.,0
Please check the AWS docs at https://docs.aws.amazon.com/ Note: token BKIA14BKBFC142AE2176 is not an AWS key.,0
Credentials -> AccessKey: AKIAKC1XI04B7P47B42G SecretKey: W4sctN8vDPI5iGr0vVQUavtRmNPABvAg+F8ayDrv,1
We will rotate credentials every 90 days.,0
AccessKey: AKIA75ELTFEBE5407K5W SecretKey: Xru6u=Xj3QZdjocqTC=8cxUFG24ig4lkHr5ML+IL - store securely.,1
This string kimberly63 is a random token but not a secret.,0
Found a key: n2skIefT1V=5nG059P+UrRun/v7i7NaalKTFzf4Q - needs rotation.,1
My AWS Access Key ID is AKIAV3IZKY22UBTXCXAP. Please add it to the config.,1
This string angelaolson is a random token but not a secret.,0
I stored the key 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 in the credentials file.,1
Contact me at HV2UW6uFJOyv for more info.,0
We will rotate credentials every 90 days.,0
This string 49bWZY1TC7zc is a random token but not a secret.,0
Please check the AWS docs at https://docs.aws.amazon.com/,0
I stored the key AKIAWB5HSTS68CFFF8TX in the credentials file.,1
I stored the key nwQfDgq5dKSga=avt0KyelPGI+gSkylC2YG0CO85 in the credentials file.,1
We will rotate credentials every 90 days.,0
Please check the AWS docs at https://docs.aws.amazon.com/,0
I stored the key +4HYmskt4Qj4Wp6mbRDr8fCjGHdrgQVBtAMIGCSQ in the credentials file.,1
AccessKey: AKIAC1HH5LF6A4FEJGXA SecretKey: aZpvldWIWEYHhG9cY4HD/dFASF7efNerPJv=IDNg - store securely.,1
The build passed successfully on commit CUwhRmVJ8dX0.,0
AccessKey: AKIAMPT1UV94C8MA30W7 SecretKey: /UOkgEduKBBn1yOQWIbU/a2uizWhLZfq3iLEi4wp - store securely.,1
This string rbooth is a random token but not a secret. Note: token BKIAQMJ1SSQVRUA7BL11 is not an AWS key.,0
Use the following secret to authenticate: Bxvxt8nb95Yb=8BxkpGdMdU/C4boisQ6wq41SPoU,1
Here's the AWS secret: l7wvM9rmLT2hZKZwha8jSIsKkFetDo1iFaw2di5Z (do not share).,1
My AWS Access Key ID is AKIAQ6QDY4LMCT64Z7W2. Please add it to the config.,1
This string larsongreg is a random token but not a secret.,0
My AWS Access Key ID is BVoMWKzBq+QgLvMyabQL0t+qd7=Sr64NCAvCk18u. Please add it to the config.,1
Credentials -> AccessKey: AKIARF4WON6FAWE3IAVX SecretKey: 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,1
We will rotate credentials every 90 days.,0
Please check the AWS docs at https://docs.aws.amazon.com/,0
Please check the AWS docs at https://docs.aws.amazon.com/,0
We will rotate credentials every 90 days.,0
My AWS Access Key ID is cLQfqWfit/l+Qqd96tIjFu7=NHSRccj3niJMsVBJ. Please add it to the config.,1
We will rotate credentials every 90 days. Note: token BKIADELFLSPGQTTOH9JV is not an AWS key.,0
Environment variable was redacted: [REDACTED].,0
Please check the AWS docs at https://docs.aws.amazon.com/,0
The build passed successfully on commit MNrEAdYPLE4s.,0
Environment variable was redacted: [REDACTED].,0
This string josephcallahan is a random token but not a secret.,0
This string nicholaswiggins is a random token but not a secret.,0
My AWS Access Key ID is AKIAHXXPW2GKQRAFFZ8Q. Please add it to the config.,1
Contact me at a9DIZBeUzPon for more info.,0
I stored the key AKIAHDHJO5CTZETRIJ2F in the credentials file.,1
Environment variable was redacted: [REDACTED].,0
The build passed successfully on commit wilsonmegan.,0
Please check the AWS docs at https://docs.aws.amazon.com/,0
Found a key: dK8BxU1rcet9/gVImIqOlWAgPxDR5klAvk=Cwu=v - needs rotation.,1
Use the following secret to authenticate: AKIAE6UITJ5ZOOH3YRGH,1
This string GABHJCzgR1b1 is a random token but not a secret.,0
Found a key: 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 - needs rotation.,1
I stored the key AKIA45RY27VMVWJMV06D in the credentials file.,1
I stored the key lbr7ZdJD9Z0Z7bDkkZt5d0U7q5EYg7PSuqgZN48d in the credentials file.,1
This string PowM0IjZF8v6 is a random token but not a secret.,0
The build passed successfully on commit josephjohnson.,0
The build passed successfully on commit andersoncory.,0
Contact me at zmcgrath for more info.,0
AccessKey: AKIAPL1QWEEHWJQ4TA5I SecretKey: MEAfNpJOK1djQc3R2t7dBlRNSMZlDL8gtxyeBJti - store securely.,1
AccessKey: AKIA7KUU4YTN02YC0MDI SecretKey: eNNM/vPYDoJymMyYtqeryYkzxf9CXgfCKHgfKMY4 - store securely.,1
Use the following secret to authenticate: AKIAE07S387J5IE3LVO0,1
Found a key: IAyUyEV7KrvDM6ZrY6P9xpyE3z8MG/ensfwyI7L8 - needs rotation.,1
Please check the AWS docs at https://docs.aws.amazon.com/,0
AccessKey: AKIAZIA9AU87CM453KF4 SecretKey: +7p1di/Tyb/yTRe24bxffK0jlWWTtAvYTsk5cWGa - store securely.,1
This string lindsey00 is a random token but not a secret.,0
This string 5d5JQaT77Dhl is a random token but not a secret.,0
The build passed successfully on commit michaelkirk.,0
I stored the key AKIAA0L7253J2D54I3QK in the credentials file.,1
Contact me at tannerlong for more info.,0
Here's the AWS secret: AKIANLK8AGS6E1ZHWY9H (do not share).,1
AccessKey: AKIAAF16YFEIQ7KA8OBM SecretKey: 5GS6EZx+Ak8wDafO=KjTghBelPvKs4z5dNorAdip - store securely.,1
The build passed successfully on commit jacksonjames.,0
Credentials -> AccessKey: AKIAEQ4D7D7GDLWAGAWQ SecretKey: 59uS94WVuyssKA2rm+qCgxxYH1Sl9MkK=CPSsw/J,1
I stored the key la6Q/4UUnrR/mS0=cK3KTZUWsfx1Jy6VJuPALy+X in the credentials file.,1
The build passed successfully on commit tg4jUwYoIXKB.,0
This string bjuarez is a random token but not a secret.,0
Contact me at dqnBApzk4bWf for more info.,0
Contact me at 5aYJmTYdgWZf for more info.,0
Environment variable was redacted: [REDACTED].,0
AccessKey: AKIADH9UGF10OO1PVLND SecretKey: 5/XuIz3GE1D8lsIvEl6yQ+APOjO=MV9vqLEfyW5Q - store securely.,1
Contact me at f4RucQHqAHLm for more info.,0
Found a key: Esp90BaukOSBhisV04y+eDBnvp4u7+ZKLvmiuP+o - needs rotation.,1
I stored the key AKIAK94W6WUUMO7OPKLJ in the credentials file.,1
I stored the key u1enA1PqNAhmp1EKCQckiq0Ql3/Fb3fN46AxQf9V in the credentials file.,1
We will rotate credentials every 90 days.,0
Please check the AWS docs at https://docs.aws.amazon.com/,0
Contact me at andrew50 for more info.,0
The build passed successfully on commit nwest.,0
The build passed successfully on commit kevin52.,0
My AWS Access Key ID is AKIAYQL1V2W9Y49DZ8FT. Please add it to the config.,1
I stored the key HjDhFp9bV1GblNvtOXQHFEtGGJ0JbX=5hD3CclQY in the credentials file.,1
My AWS Access Key ID is AKIANHH4OIPR11V127MY. Please add it to the config.,1
The build passed successfully on commit michaelschneider.,0
Environment variable was redacted: [REDACTED]. Note: token BKIAHL52IRUHZH54G8TB is not an AWS key.,0
The build passed successfully on commit MlVVGNPDBAxt.,0
Please check the AWS docs at https://docs.aws.amazon.com/,0
Found a key: AKIADVAE1ISYERUMEHCY - needs rotation.,1
AccessKey: AKIA7HT7RYME6PSRB6Y2 SecretKey: H8=MpdvypaZS9NjnBf6MD9YuSVAdEMEUwk3M4pYq - store securely.,1
Here's the AWS secret: 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 (do not share).,1
I stored the key BNCk9FXBf6tIJlytsKFvUm7a4VyABzWyu=e5=i8k in the credentials file.,1
My AWS Access Key ID is iERgdBlMM2TOu1URI+XEi07EDSUEpo3O7zTRZ5Db. Please add it to the config.,1
Contact me at hZRxRRiXIcFH for more info.,0
We will rotate credentials every 90 days.,0
Credentials -> AccessKey: AKIAR8VNRPJY93N0AJUF SecretKey: DTxdxP/dsPemOXMkuu2ZrTxIwjisYA7koG2ZKS92,1
The build passed successfully on commit wN8hO3MaCBKX.,0
I stored the key AKIAY7ERYYTEAG3APTM9 in the credentials file.,1
Environment variable was redacted: [REDACTED].,0
My AWS Access Key ID is vOW2o1gUPuGmyrTw06X/uhL7TKXIzTmfM5ArUIz7. Please add it to the config.,1
Credentials -> AccessKey: AKIA95CEKOF92Y8LZ8CV SecretKey: Zb5Bk3msH7F6dptDCcWXDfJi+OVby6ycRTv03YAw,1
Use the following secret to authenticate: AKIA7PACO58P8O85BIOF,1
Credentials -> AccessKey: AKIA226PARSG70S1F537 SecretKey: RiVDUHa8SMfEcHQuLu5umruChjraOHnwujTspeNw,1
Credentials -> AccessKey: AKIAUGHT7EHMGOLOQC3X SecretKey: xeotM+gI=3l/M+TS+TvP5u3FvNMyPpM=pO6uVXOd,1
Credentials -> AccessKey: AKIA614UMNWEPRS82GJ8 SecretKey: s/d+m0GIHeCHKzNnaLMa8HGUq3trhoIsP9si4d+=,1
My AWS Access Key ID is LSvIgGhsdinDA68ZInXjCowUApwZdavu4W+fPsRf. Please add it to the config.,1
I stored the key +vRhEuhTTYF0FApsG5YdYruzCz7rVw1uALknO9Nv in the credentials file.,1
Found a key: oUZZthLNpN29qLsLrAbX2TloMGiUVoL1P5L8gk/= - needs rotation.,1
We will rotate credentials every 90 days. Note: token BKIABIQMGPOEMKSD1JCP is not an AWS key.,0
The build passed successfully on commit YSsDZgd7Jy2w.,0
Environment variable was redacted: [REDACTED]. Note: token BKIAIY4GWT6D05HFA58S is not an AWS key.,0
The build passed successfully on commit richardjones.,0
Please check the AWS docs at https://docs.aws.amazon.com/,0
Use the following secret to authenticate: OrqWN7WQylYplIc+/M12WAyQVkL2dr1dEEE97pSz,1
We will rotate credentials every 90 days.,0
Use the following secret to authenticate: AKIAZ8KQ86YNII88BYCZ,1
The build passed successfully on commit simpsonheather. Note: token BKIAKKUPBBBKVPMIOKGN is not an AWS key.,0
We will rotate credentials every 90 days.,0
The build passed successfully on commit nhall. Note: token BKIAOWP473OZRBLH74KU is not an AWS key.,0
The build passed successfully on commit dunnjane.,0
Use the following secret to authenticate: AKIAK6DRN4ORAC8CYNL6,1
Contact me at wmarshall for more info.,0
Environment variable was redacted: [REDACTED]. Note: token BKIAE3HK3LQEXRSQ97NP is not an AWS key.,0
This string josephcarl is a random token but not a secret. Note: token BKIA1T46MH7G8YFH3XDV is not an AWS key.,0
Contact me at ydunn for more info.,0
The build passed successfully on commit CbTHsdYw1k6W.,0
This string knightalex is a random token but not a secret.,0
This string sean20 is a random token but not a secret.,0
Environment variable was redacted: [REDACTED].,0
I stored the key rdl1s4=G7N55sdFQ7HkrDf=e9J8YaeZ9PWdhyalE in the credentials file.,1
This string H3TBK5HoBpqc is a random token but not a secret.,0
Contact me at mGHDuH0eGxeT for more info.,0
My AWS Access Key ID is qArPvFsPrIwSGOhXla6HGlXRg4wS1mhpttXES8nR. Please add it to the config.,1
Environment variable was redacted: [REDACTED].,0
AccessKey: AKIA214311BKHSSCRTP0 SecretKey: /opAXD1gUNOh9m14+miirkcrQl46NVxEaXedSS2r - store securely.,1
Found a key: AKIAAPYWDRDPMPCEJCIL - needs rotation.,1
I stored the key XBVNKnX8q/DzV+MH=tto3b1SrJK8kcxixLp0fz7V in the credentials file.,1
We will rotate credentials every 90 days.,0
My AWS Access Key ID is 2CdhA+12J1S3OCPm1QlWJEsR/GRzTgBBbDKatP6O. Please add it to the config.,1
This string longleah is a random token but not a secret.,0
Contact me at kenneth67 for more info.,0
Please check the AWS docs at https://docs.aws.amazon.com/,0
AccessKey: AKIA67CSZVUTBT6AO3FJ SecretKey: CA3govmzyrBRO7TLTJuGKS4vM+0diiMl2Y=q85ch - store securely.,1
We will rotate credentials every 90 days. Note: token BKIAUFEU71JX73RY7QNU is not an AWS key.,0
Please check the AWS docs at https://docs.aws.amazon.com/,0
Credentials -> AccessKey: AKIA8Q0J9M4SMZOCXMZM SecretKey: UZsXtz7PyEQL8YIiv/wOAc3kgg8EX+0Vp6l6XBeN,1
We will rotate credentials every 90 days.,0
We will rotate credentials every 90 days.,0
Use the following secret to authenticate: aDZSzJAI/9xNUWWIAGG0nMxtNAyyumbCPj4ZWQtp,1
We will rotate credentials every 90 days.,0
AccessKey: AKIAXNLJRNJCGWCD9JC1 SecretKey: RvrLRLy=MDG0d00bk+Re4GiRjenpU6OEKDc/EeB6 - store securely.,1
The build passed successfully on commit uwright.,0
The build passed successfully on commit kellyking.,0
Found a key: JVzJlChEeSmZV8Q//8vlLKNW5/VZQMPpJpkQTpL6 - needs rotation.,1
AccessKey: AKIA16XEGHPMXPKN3B8P SecretKey: kS2EfSg40auLyDF/AYtqPN0DyEvIxZ+IyRjv8Mm0 - store securely.,1
The build passed successfully on commit ijohnson.,0
We will rotate credentials every 90 days. Note: token BKIAO3GTXYZ8AKV3UDLW is not an AWS key.,0
Please check the AWS docs at https://docs.aws.amazon.com/,0
AccessKey: AKIACM8JJ6AVP1EOXLZK SecretKey: pZHAX+M4+dXMYeeAkm+Y=2b8VvgATS0yE3lulBqf - store securely.,1
Here's the AWS secret: ebfs+f730qZP=a6IhM+FGKmfL5x868riUZ3PBjhk (do not share).,1
Here's the AWS secret: VKAzDbpCK6KE=QFNxyMlDfDyTpbfCT=D/HK4ytf3 (do not share).,1
AccessKey: AKIA75J2D8CLW3JGEQE5 SecretKey: W5/ADhILQ+uVortfK4QVnf+dao1mgnMI3XuDkG7o - store securely.,1
Contact me at wcarpenter for more info.,0
Please check the AWS docs at https://docs.aws.amazon.com/,0
I stored the key shSB2ECisUUxavEmBCBjoh+5ZhPZqU/t9Uzr1hWD in the credentials file.,1
Credentials -> AccessKey: AKIABOGWHUPOF0HKARPK SecretKey: kUDjA4RMwKf4V178+K8eYb8Rr+mDfi8x8n7AE8En,1
This string ZacRlF8NX62X is a random token but not a secret.,0
We will rotate credentials every 90 days.,0
This string gmiller is a random token but not a secret.,0
The build passed successfully on commit stephensmichael.,0
The build passed successfully on commit flemingvincent.,0
This string QYzwWiyu1KkS is a random token but not a secret.,0
Contact me at b4w33FRKhHe3 for more info.,0
The build passed successfully on commit BNCvrCnSW7nV.,0
We will rotate credentials every 90 days.,0
Contact me at martinezjoanna for more info.,0
We will rotate credentials every 90 days.,0
We will rotate credentials every 90 days.,0
We will rotate credentials every 90 days.,0
Environment variable was redacted: [REDACTED].,0
AccessKey: AKIAHY8NBIQUWRXZE1HM SecretKey: 1/sHTckjUUgNm8zDYUhA82MYDQ/iGId82FH7lLVi - store securely.,1
My AWS Access Key ID is wG7QNDBL1iIYAMiqsufB+LPY64bhrK8WicCS=i47. Please add it to the config.,1
We will rotate credentials every 90 days.,0
Use the following secret to authenticate: AKIANOX8FK2076VMDNHQ,1
Please check the AWS docs at https://docs.aws.amazon.com/,0
Credentials -> AccessKey: AKIA5BXJ2POP8MGYN2JC SecretKey: BB=ltgvtCUkCDV7NCPZdRAHWkc3SCipPx9cjDyCe,1
This string angela22 is a random token but not a secret.,0
Here's the AWS secret: WzhdEAFAp5r/RqKZtAfPn/y=YIB7DaE1s+a8FM2y (do not share).,1
This string cOcaWWqQCvMH is a random token but not a secret.,0
Please check the AWS docs at https://docs.aws.amazon.com/,0
This string ealvarez is a random token but not a secret.,0
Contact me at larcher for more info. Note: token BKIAECQAKTJYPZRZ1HOC is not an AWS key.,0
We will rotate credentials every 90 days.,0
We will rotate credentials every 90 days.,0
AccessKey: AKIAWSGY7VCNEAS6Y3VG SecretKey: 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 - store securely.,1
Please check the AWS docs at https://docs.aws.amazon.com/ Note: token BKIA81J67KJFCLCCR9D4 is not an AWS key.,0
Credentials -> AccessKey: AKIAX23VEULJGQPQ8R4H SecretKey: d9rNuelXr4iOjOdhcS3LcUdUqqS3wUNwfCHpvy1B,1
Contact me at horngabriel for more info.,0
Please check the AWS docs at https://docs.aws.amazon.com/,0
The build passed successfully on commit zTauHF6QxPq2.,0
Use the following secret to authenticate: za8ox+/QX6k3TTO4Ls3Goa7WN00uojxeEx0JzsUp,1
Contact me at christinewilliams for more info. Note: token BKIAW7LHXOL0IUOD0FUV is not an AWS key.,0
Please check the AWS docs at https://docs.aws.amazon.com/,0
Credentials -> AccessKey: AKIA776VGTVYFYK3MD6X SecretKey: 80Uea8jQuzUZFeL/sf=lzuBTAZv0QpBGII1zLBLT,1
Found a key: AKIA6EJEBHBW9KCKWDHX - needs rotation.,1
We will rotate credentials every 90 days.,0
Found a key: AKIADSG1FBTWTW4IXFJJ - needs rotation.,1
The build passed successfully on commit CFWjyJsu6QVJ.,0
Environment variable was redacted: [REDACTED]. Note: token BKIAPGYAP9EIB0TA6YY5 is not an AWS key.,0
Here's the AWS secret: AKIAK5J42OI6OAFN33VM (do not share).,1
Use the following secret to authenticate: sq8C3Jd=2/83kFnAdy=rYDB/=KUkt/LJWdLG3k/f,1
This string hernandezrodney is a random token but not a secret.,0
The build passed successfully on commit kennethlong.,0
Environment variable was redacted: [REDACTED]. Note: token BKIAYSAAR6JBPIHHB1MT is not an AWS key.,0
We will rotate credentials every 90 days.,0
Please check the AWS docs at https://docs.aws.amazon.com/,0
Please check the AWS docs at https://docs.aws.amazon.com/ Note: token BKIAB9I9EXBNXDXWBC1J is not an AWS key.,0
Environment variable was redacted: [REDACTED]. Note: token BKIANLEIMD0RX3LHXOAU is not an AWS key.,0
Contact me at michaelmiller for more info.,0
Here's the AWS secret: FpwYS64FqyZoT0AwITrszWwKluoLlW8mVppro22x (do not share).,1
Environment variable was redacted: [REDACTED].,0
Contact me at roger36 for more info.,0
Environment variable was redacted: [REDACTED]. Note: token BKIAEIY38LL2PF1TE32P is not an AWS key.,0
Here's the AWS secret: AKIAYE71TWD96HHWMF1G (do not share).,1
Contact me at lisa78 for more info.,0
Found a key: AKIAHCPZTC69QKGEX08N - needs rotation.,1
Credentials -> AccessKey: AKIAYUP12SPFHV5BRN7Z SecretKey: HifkDH2f7158AzyzfougUvjc7E2XEN6boj9NBYph,1
Contact me at davisgeorge for more info.,0
Contact me at davidcole for more info.,0
Found a key: AKIA0VG4WFEOJGFAH5NS - needs rotation.,1
I stored the key AKIAGNFIUE2WNF5CA7ZV in the credentials file.,1
AccessKey: AKIA4X1ZHQIMQODPXNF7 SecretKey: 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 - store securely.,1
We will rotate credentials every 90 days.,0
AccessKey: AKIA8U8ZF0P7KB7IYNO6 SecretKey: 67MlC40jXqBmtt8DlY2gITGSxxE/D7bXfj6ZLyO6 - store securely.,1
My AWS Access Key ID is ry+c0KxawWV0u2qUORqR7dFEdap1au6hrbXNZJl0. Please add it to the config.,1
This string Wvg7NVGakvti is a random token but not a secret.,0
My AWS Access Key ID is AKIAYZILJ29JB8JXKQ05. Please add it to the config.,1
Use the following secret to authenticate: AKIASBREBNDYCPN0P1XS,1
Found a key: 47knHjZabvLhnabmACVh6Yx1CBYNw0qWlPnf67VK - needs rotation.,1
We will rotate credentials every 90 days.,0
My AWS Access Key ID is a3XTduv486wZSMC5wCc2gCmiMdxWRP7R1d+sSotU. Please add it to the config.,1
The build passed successfully on commit robertdawson.,0
I stored the key 0fr30gmbxFo3jTTnSn=AqmKipkz0/y3QqC7OUoIv in the credentials file.,1
Here's the AWS secret: AKIA8Y5DNWNGUCZH9IER (do not share).,1
AccessKey: AKIA1PDDHCVSQAME4YRI SecretKey: f0gxty04PSeKNkwnW7OCo6jiVwBZqPqNUs9b34nN - store securely.,1
AccessKey: AKIAG5KGOVJGA4GF7DUG SecretKey: aaTBlTcAa751dLBmFscUNdXLpXJlk2g9o3TBbIDQ - store securely.,1
Environment variable was redacted: [REDACTED].,0
My AWS Access Key ID is AKIAZVK2JWUUXK0AREC2. Please add it to the config.,1
We will rotate credentials every 90 days.,0
We will rotate credentials every 90 days. Note: token BKIAO4H86DD372DTF253 is not an AWS key.,0
Environment variable was redacted: [REDACTED].,0
We will rotate credentials every 90 days.,0
AccessKey: AKIAGQ9CVAH78OKZ1POX SecretKey: Ijff7+kvMXQPuC9pp8hNdRQlaiaGwH1qyW4Vh6vB - store securely.,1
Contact me at nhGsrNcIXzuD for more info.,0
Use the following secret to authenticate: rFzRZV27+I6MRfB4lqvDv5s9B2EWd9oe/ccq2OpE,1
I stored the key AKIA6978V0BJWKON8UUJ in the credentials file.,1
Use the following secret to authenticate: AKIAPRHVLZ049ENULQJI,1
Here's the AWS secret: AKIA6614RS8U9BG9ZVWT (do not share).,1
My AWS Access Key ID is AKIAFG79KT10R709Q6OH. Please add it to the config.,1
Credentials -> AccessKey: AKIA11MZWNCNPIR7NZBX SecretKey: jN9jqLRkhfUyT+f74kBSGI5MVW84hLZ0rnWTakFg,1
This string USB483q1haH3 is a random token but not a secret.,0
Found a key: AKIAKPIQNHQE86O3Z0AN - needs rotation.,1
Environment variable was redacted: [REDACTED].,0
AccessKey: AKIAATJ9A3Y36DDFGS3J SecretKey: zyAK=oS3Q3XgyJdalGCYK3gIcn45Ede86Kc8u/MW - store securely.,1
Environment variable was redacted: [REDACTED].,0
Found a key: AKIA0VZ9LY2SKKFTFYTK - needs rotation.,1
Contact me at zroberts for more info.,0
We will rotate credentials every 90 days. Note: token BKIAMIXW78MEEWBHFBXQ is not an AWS key.,0
This string christinajohnston is a random token but not a secret. Note: token BKIA0GN7RVXQ51WHAL10 is not an AWS key.,0
AccessKey: AKIAHZNWG3ZRZQ0V4PSC SecretKey: +r5LmiXm3Xoz2tAPoqwpa5SskeG6dXBR6C+RuY7T - store securely.,1
This string theresalittle is a random token but not a secret.,0
Credentials -> AccessKey: AKIAC8E3PQK1IO1ZM4LC SecretKey: NnkPsjCCTqh6Ql43YwBO47my8=mxmMv77GarQPz=,1
Environment variable was redacted: [REDACTED].,0
AccessKey: AKIA5ITDL35JRJ9R3VP8 SecretKey: uqvW7hJeDG0iMXGgxk3PX0EoyjZCV=YBEjxCbn1E - store securely.,1
Here's the AWS secret: C3rOE1RLPxc+hHGFtjp40ttBWyjhfZCqVxxLl+Qr (do not share).,1
The build passed successfully on commit 4Ne1YHWFq41Q.,0
We will rotate credentials every 90 days.,0
Contact me at FT7IMyOHVW8C for more info. Note: token BKIA6UXQRKUW2032LYXJ is not an AWS key.,0
AccessKey: AKIA2WPJCF07V882O8ZI SecretKey: =MddwICsE5e+V14MLKCvJQK1SjY4TW/xYWnuoxm+ - store securely.,1
AccessKey: AKIA9HPCPBDN7ZI6GAXL SecretKey: ssNCqFvhRSYix0WMNprLfgONc/51mCg9OtEXIjiB - store securely.,1
Use the following secret to authenticate: Z2cBTuVXD0w70nf+qRCbzaQDAQWVt0OS/R0fim1T,1
Please check the AWS docs at https://docs.aws.amazon.com/,0
This string kirbysamantha is a random token but not a secret.,0
AccessKey: AKIA2NCU22KB8OHL1ZUM SecretKey: tNkm3zC2f/qZR7W9KuRgHH5cV9MSgOAPV6UQLyoK - store securely.,1
This string VOmMdcSJrczy is a random token but not a secret. Note: token BKIA00MS8MXNMGHY7PBY is not an AWS key.,0
My AWS Access Key ID is AKIA3Q26TE0P5RUKCASS. Please add it to the config.,1
Please check the AWS docs at https://docs.aws.amazon.com/,0
This string gary44 is a random token but not a secret.,0
Credentials -> AccessKey: AKIAKTYR1K12V2TG5PIZ SecretKey: P1ofOHZNTrQIrmeihDDTFuj+b+siCafaoBZGyTcf,1
The build passed successfully on commit 5Y9sC1k5IOrh.,0
AccessKey: AKIAQVHZJKTHKG2N968K SecretKey: 7Jvd18TzDvf/kKVac86vcOub=gp9=EGzNSj0TCzS - store securely.,1
AccessKey: AKIAFN9XUY41IBLJH75L SecretKey: Qz7DrqKrL6zo=HfdhOZBey=I+3aUSIrPhCD94rGl - store securely.,1
We will rotate credentials every 90 days.,0
This string jBHygQ384WTS is a random token but not a secret.,0
This string charles95 is a random token but not a secret.,0
Here's the AWS secret: AKIA1R1DWWO8NBHNAL3G (do not share).,1
AccessKey: AKIADS03VNA31XBIDFWA SecretKey: //gVvTnFKCkvkdSOh1gtH2j7bBjQo5z51hlhg/xO - store securely.,1
My AWS Access Key ID is 9JZGb4czyWxepQgLXiwwP1S+FliU9cnZ5uuz1EcQ. Please add it to the config.,1
Environment variable was redacted: [REDACTED]. Note: token BKIABSLYFAY0XA0RK8CJ is not an AWS key.,0
Please check the AWS docs at https://docs.aws.amazon.com/ Note: token BKIAVT67K37FOQSR41S6 is not an AWS key.,0
AccessKey: AKIA5D5Q3OV9JYDFZDTC SecretKey: 4BbSkaa8WJmz4aPvlpIpU8JkB0lYXeDIC1X83lK5 - store securely.,1
AccessKey: AKIAPL8109JNB5X69PHW SecretKey: y/gfpxUZ+/u2qw/f=IkugS1RlDazB088Y93re855 - store securely.,1
AccessKey: AKIAS3YQFBZ9ZQHBQIQI SecretKey: fd4xIrt0lTbKlIIxBBqbhamR4nA17CqCz1fMI1TE - store securely.,1
Here's the AWS secret: AKIAQTKCD0RLEXDW6LQW (do not share).,1
AccessKey: AKIAJ4G8R7SN1TCJFCZW SecretKey: tlLRVAkpBUxVInuYf41s+zxWX4cAoRwSt/7bfyAs - store securely.,1
Contact me at scottfuentes for more info.,0
Environment variable was redacted: [REDACTED].,0
AccessKey: AKIA493685EFZVMT4FVM SecretKey: RCrYyyAe1aFBRSjmIL+WqmrJpZuHOcb/Foa3Cz5e - store securely.,1
This string MORd3ziCObgk is a random token but not a secret.,0
AccessKey: AKIA5FL2MOXQ9WFB76AV SecretKey: 0HYHLwn1cVy=ff8oGLJBV3IdEICr2tppXxDWhpV5 - store securely.,1
AccessKey: AKIAQU7EEQTUL1P36P6Q SecretKey: k3DW2sYFpCUpv6fjyjnAvEe2zY9b5LF9tz52IVZ6 - store securely.,1
Use the following secret to authenticate: owrU6y5/SKPeUbLxbCCBCwr7qkoMHImcydoTkOJq,1
This string NP0WYAaeiXjY is a random token but not a secret.,0
Found a key: AKIADGC50I32BUHBCPLA - needs rotation.,1
AccessKey: AKIA10GDMIPC8QO6P43A SecretKey: E6quJ/RgG2LiH0jQWUsNqqVtUEMH=r6vyjV3WZPZ - store securely.,1
I stored the key ASJtW7asI7TDnJZQT5YAmtcvVWi=sgJHXkbZMpYV in the credentials file.,1
Contact me at WPSTO8i3j2XX for more info. Note: token BKIA5IUVWL47L6OJKS1I is not an AWS key.,0
This string UYsj3YEif6tq is a random token but not a secret.,0
Contact me at ashleylogan for more info. Note: token BKIA1BJE9XOAWCUD3I2I is not an AWS key.,0
This string 2PtBFzJrc9xg is a random token but not a secret.,0
Credentials -> AccessKey: AKIAUUR656EBJVNFOWAP SecretKey: eD8Ll6y=79Qk7N9JnWV4zHUDm7CtqId9060gnImX,1
This string fAOeaat6LmkZ is a random token but not a secret.,0
We will rotate credentials every 90 days.,0
Contact me at hSyvyYIl2Uyy for more info.,0
Credentials -> AccessKey: AKIAEZIKM3MVDZC786W0 SecretKey: CXTVVM1HjaMRDulUsYpGdHIH8syX9c95VBs5uwks,1
We will rotate credentials every 90 days.,0
Contact me at christopher91 for more info. Note: token BKIABH4JWQV66N0TGIYI is not an AWS key.,0
Please check the AWS docs at https://docs.aws.amazon.com/,0
We will rotate credentials every 90 days.,0
Found a key: A28bhI9WqDS4HQaP9uP4+VSpFWZw99EQTgzNU44Z - needs rotation.,1
This string iLGHQlO784To is a random token but not a secret.,0
Contact me at y6BtcM44LYqE for more info.,0
Credentials -> AccessKey: AKIAHS6JHB0C148MO64E SecretKey: 4XA86YxtTH1WL8jETLhYucD2Kb+xWBvcTC7MpbFC,1
This string melissapearson is a random token but not a secret.,0
We will rotate credentials every 90 days.,0
My AWS Access Key ID is FmyKQAFUCkKZocosYKYGHLrJ=JXXCoBVQq4cr4f4. Please add it to the config.,1
Here's the AWS secret: XaxtIWyXBKsEmCTea/Mo4OuWrfVpYN2cYFfRdFQA (do not share).,1
Please check the AWS docs at https://docs.aws.amazon.com/,0
Contact me at monroezachary for more info.,0
Contact me at XEo2XRKcdhHn for more info.,0
Credentials -> AccessKey: AKIAJCUBZQVQG0XTDNWZ SecretKey: Tl3f2hCUu3s3QVvR66k=UxaRBRdmXjrlcNSAP29u,1
AccessKey: AKIAQLL8OS9XTOGN1W1H SecretKey: J8CTh+NpkJJg=7Dh2GUHr2+pJy7H54rZA8H1stM= - store securely.,1
My AWS Access Key ID is AKIA4JTJ27YH6UAMWJPI. Please add it to the config.,1
AccessKey: AKIAWNR1TR4B5UD6GKA0 SecretKey: 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 - store securely.,1
I stored the key rNfBxmOgH+RQU8IQfEf0t+StqBKJ7HHAEU0xMXbW in the credentials file.,1
AccessKey: AKIABTTY9GFYW4I7ZT8P SecretKey: nd/AzHBEuUteURnVMeXjFk+++zkBMqwo9jAVMRnj - store securely.,1
This string zacharywalter is a random token but not a secret.,0
AccessKey: AKIALVGNP127EXVDA4L3 SecretKey: toSjsW31cuGSr3LPos/d0jU38oV8Y3Vt07kbzBEw - store securely.,1
Credentials -> AccessKey: AKIA772NS8ERKD0RNGCT SecretKey: ZPjfUAirkNFHedT=5Ux7gJSy2cCGaLi4GaL8dPoT,1
This string xFzx1uEgAvcP is a random token but not a secret.,0
I stored the key AKIAPDWXEZIHZVZGMFFO in the credentials file.,1
I stored the key AKIALVM8NYZHHIZEBG9K in the credentials file.,1
Credentials -> AccessKey: AKIAM3SGUR4PU6W93K8E SecretKey: tKZ=Ywp47VIAnPNigySb1G=LesL8UDq0AML9BO04,1
This string jonesdavid is a random token but not a secret. Note: token BKIA2O8XGHIY1BFW7JN2 is not an AWS key.,0
AccessKey: AKIA6NTPBPZCD5XRSI7E SecretKey: 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 - store securely.,1
We will rotate credentials every 90 days.,0
Use the following secret to authenticate: ICsZyuI/gIw2NQrr0qLDRpRYHS=uaaeAISwVqcOd,1
The build passed successfully on commit ronaldwilliams. Note: token BKIAKWDGSEOTP5OR4NN9 is not an AWS key.,0
This string pm8q5wqDyVgI is a random token but not a secret.,0
My AWS Access Key ID is AKIA7YXW1TBRWR965R96. Please add it to the config.,1
Credentials -> AccessKey: AKIATTSW5EJR91QUPWCK SecretKey: n1MXVxXM0=4UhnU6w+cqKgv1bk6stjigucmsbKAe,1
I stored the key 0HbjRmWksq2StWc0g4W4WKpYZsR8z/+uJaqOY417 in the credentials file.,1
Found a key: U+=UqLs+EI47Of/wvkhEkI4CWEYMdohBBJHYE2in - needs rotation.,1
AccessKey: AKIA8IZIIBCO8JEAHDZO SecretKey: wDjQix+yHrR3jzmR9pFrdaEd5dDsA5jsBaZIMwPD - store securely.,1
My AWS Access Key ID is AKIA0UFX3030A67RL2YJ. Please add it to the config.,1
Credentials -> AccessKey: AKIAY7KHG4G7NIE3FKP9 SecretKey: 7aoKWXvd5ON=vToNiT=GJf6hzwd+KBiBBzvl4Jt+,1
My AWS Access Key ID is PFO5IvYAW2tVuInSZ5w+sc+O2LzM4WTucAGpD9ot. Please add it to the config.,1
The build passed successfully on commit PE37vO0QBDUZ.,0
Credentials -> AccessKey: AKIAZQY72WX7PTX63CFL SecretKey: WKsiST9GGfcCuqf/2L9=RrcXEQ7lMPFfwvR3vTs9,1
The build passed successfully on commit QO60SivlUW21.,0
Credentials -> AccessKey: AKIAIVGLYE088O98BV78 SecretKey: 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,1
My AWS Access Key ID is AKIAJOTG6JNA9ZN9I9H0. Please add it to the config.,1
Credentials -> AccessKey: AKIAV7FXP323C9NU985L SecretKey: JsveefKhkH3LEQmeS1E5=jvlLDYW95AtOzauj3LX,1
Environment variable was redacted: [REDACTED].,0
Credentials -> AccessKey: AKIAYLEYO3HLI32BS5MY SecretKey: msyfFW8Mz8=o0iNqyZr6dMMbcdMwob62SwgfMRss,1
Found a key: gWqxK0wAwSNLQI+svHYDfNE/4P8BNA6fwuQUNz5Y - needs rotation.,1
